{"stats":{"minecraft:custom":{"minecraft:time_since_rest":2785,"minecraft:walk_one_cm":1722,"minecraft:leave_game":1,"minecraft:walk_under_water_one_cm":392,"minecraft:play_time":2785,"minecraft:damage_dealt":187,"minecraft:jump":39,"minecraft:time_since_death":2785,"minecraft:drop":1,"minecraft:sprint_one_cm":4730,"minecraft:open_chest":1,"minecraft:fall_one_cm":520,"minecraft:swim_one_cm":517,"minecraft:total_world_time":2785,"minecraft:fly_one_cm":6647,"minecraft:walk_on_water_one_cm":2366,"minecraft:sneak_time":10,"minecraft:climb_one_cm":65,"minecraft:player_kills":1},"minecraft:picked_up":{"minecraft:iron_axe":1},"minecraft:dropped":{"minecraft:iron_axe":1}},"DataVersion":4440}