{"stats":{"minecraft:custom":{"minecraft:talked_to_villager":2,"minecraft:time_since_rest":6265,"minecraft:walk_one_cm":4946,"minecraft:leave_game":2,"minecraft:walk_under_water_one_cm":913,"minecraft:damage_taken":10,"minecraft:play_time":6265,"minecraft:damage_dealt":187,"minecraft:jump":85,"minecraft:time_since_death":6265,"minecraft:drop":1,"minecraft:sprint_one_cm":14568,"minecraft:open_chest":1,"minecraft:fall_one_cm":1395,"minecraft:swim_one_cm":517,"minecraft:total_world_time":6265,"minecraft:fly_one_cm":18871,"minecraft:walk_on_water_one_cm":3107,"minecraft:crouch_one_cm":167,"minecraft:sneak_time":91,"minecraft:climb_one_cm":65,"minecraft:player_kills":1},"minecraft:picked_up":{"minecraft:iron_axe":1},"minecraft:dropped":{"minecraft:iron_axe":1}},"DataVersion":4440}