{"stats":{"minecraft:mined":{"minecraft:short_grass":1,"minecraft:dirt":3},"minecraft:used":{"minecraft:chicken":2,"minecraft:apple":3,"minecraft:porkchop":1,"minecraft:dirt":3},"minecraft:killed":{"minecraft:chicken":2},"minecraft:picked_up":{"minecraft:dirt":3,"minecraft:feather":2,"minecraft:chicken":2},"minecraft:killed_by":{"minecraft:skeleton":1},"minecraft:custom":{"minecraft:time_since_rest":15177,"minecraft:walk_one_cm":20616,"minecraft:leave_game":2,"minecraft:mob_kills":2,"minecraft:walk_under_water_one_cm":1162,"minecraft:damage_taken":470,"minecraft:damage_dealt":81,"minecraft:play_time":17311,"minecraft:jump":187,"minecraft:time_since_death":15133,"minecraft:sprint_one_cm":62653,"minecraft:open_chest":5,"minecraft:fall_one_cm":10650,"minecraft:swim_one_cm":53824,"minecraft:total_world_time":17311,"minecraft:fly_one_cm":46473,"minecraft:walk_on_water_one_cm":1037,"minecraft:deaths":1}},"DataVersion":4440}