{"stats":{"minecraft:broken":{"minecraft:iron_axe":2,"minecraft:shield":2,"minecraft:diamond_pickaxe":1},"minecraft:crafted":{"minecraft:cherry_boat":2,"minecraft:arrow":16,"minecraft:cooked_mutton":50,"minecraft:book":25,"minecraft:stick":7612,"minecraft:charcoal":2,"minecraft:spruce_slab":48,"minecraft:minecart":5,"minecraft:cherry_slab":6,"minecraft:cherry_planks":1060,"minecraft:barrel":3,"minecraft:bookshelf":12,"minecraft:iron_nugget":8,"minecraft:bow":1,"minecraft:emerald":234,"minecraft:paper":75,"minecraft:black_bed":1,"minecraft:lead":2,"minecraft:glass":3,"minecraft:crafting_table":2,"minecraft:iron_hoe":1,"minecraft:white_bed":2,"minecraft:enchanted_book":7,"minecraft:shield":1,"minecraft:lectern":11,"minecraft:spruce_planks":3092,"minecraft:iron_pickaxe":1,"minecraft:iron_sword":1,"minecraft:iron_axe":5,"minecraft:cobblestone_stairs":4},"minecraft:killed_by":{"minecraft:player":1,"minecraft:drowned":5},"minecraft:killed":{"minecraft:zombie":11,"minecraft:skeleton":1,"minecraft:turtle":4,"minecraft:zombie_villager":2,"minecraft:chicken":2,"minecraft:sheep":45,"minecraft:iron_golem":1,"minecraft:pig":5,"minecraft:cow":20,"minecraft:drowned":1,"minecraft:spider":3},"minecraft:used":{"minecraft:iron_axe":319,"minecraft:baked_potato":4,"minecraft:netherrack":587,"minecraft:suspicious_stew":1,"minecraft:shield":57,"minecraft:iron_pickaxe":118,"minecraft:cherry_planks":79,"minecraft:potato":30,"minecraft:iron_sword":185,"minecraft:iron_hoe":24,"minecraft:rotten_flesh":21,"minecraft:water_bucket":5,"minecraft:diamond_pickaxe":1355,"minecraft:cooked_mutton":16,"minecraft:bookshelf":1,"minecraft:glass":18,"minecraft:ladder":13,"minecraft:fletching_table":1,"minecraft:bell":1,"minecraft:mutton":6,"minecraft:bread":35,"minecraft:barrel":10,"minecraft:dirt":458,"minecraft:black_bed":1,"minecraft:obsidian":2,"minecraft:iron_shovel":156,"minecraft:crimson_slab":7,"minecraft:lava_bucket":11,"minecraft:cobblestone_stairs":5,"minecraft:spruce_planks":28,"minecraft:cherry_boat":13,"minecraft:white_wool":3,"minecraft:cobblestone":79,"minecraft:rail":149,"minecraft:hopper":2,"minecraft:lectern":88,"minecraft:cooked_beef":9,"minecraft:carrot":29,"minecraft:bucket":16,"minecraft:crafting_table":2,"minecraft:cherry_slab":2,"minecraft:oak_planks":4,"minecraft:spruce_sapling":47,"minecraft:white_bed":10},"minecraft:dropped":{"minecraft:dark_oak_sign":6,"minecraft:iron_axe":3,"minecraft:iron_shovel":1,"minecraft:oak_planks":1,"minecraft:lectern":1,"minecraft:porkchop":6,"minecraft:magma_block":23,"minecraft:mossy_cobblestone":6,"minecraft:crimson_roots":10,"minecraft:lead":1,"minecraft:gravel":3,"minecraft:glass":1,"minecraft:cobblestone_slab":8,"minecraft:dark_oak_slab":4,"minecraft:filled_map":2,"minecraft:cherry_button":23,"minecraft:cherry_planks":316,"minecraft:minecart":1,"minecraft:light_gray_wool":3,"minecraft:diamond_pickaxe":1,"minecraft:dandelion":1,"minecraft:seagrass":3,"minecraft:spruce_stairs":1,"minecraft:crimson_nylium":49,"minecraft:stick":768,"minecraft:spruce_sapling":13,"minecraft:carrot":1,"minecraft:prismarine_crystals":2,"minecraft:rotten_flesh":73,"minecraft:cherry_boat":3,"minecraft:spruce_planks":1008,"minecraft:nether_wart_block":4,"minecraft:cobblestone_stairs":9,"minecraft:bricks":2,"minecraft:bucket":1,"minecraft:white_wool":25,"minecraft:dirt":3,"minecraft:black_wool":2,"minecraft:iron_hoe":1,"minecraft:raw_copper":10,"minecraft:cherry_slab":11,"minecraft:sand":13,"minecraft:birch_boat":1,"minecraft:cherry_sign":12,"minecraft:shears":2,"minecraft:nether_gold_ore":2,"minecraft:rail":7,"minecraft:potato":16,"minecraft:crimson_stem":16,"minecraft:chicken":1,"minecraft:oak_stairs":9,"minecraft:netherrack":293,"minecraft:mutton":4},"minecraft:picked_up":{"minecraft:cherry_sign":26,"minecraft:brewing_stand":2,"minecraft:cobblestone":304,"minecraft:shears":3,"minecraft:minecart":13,"minecraft:glass":33,"minecraft:flint":1,"minecraft:bone":5,"minecraft:dark_oak_sign":8,"minecraft:emerald":16,"minecraft:crimson_roots":10,"minecraft:book":3,"minecraft:salmon":12,"minecraft:cherry_button":29,"minecraft:bow":3,"minecraft:birch_boat":1,"minecraft:arrow":6,"minecraft:iron_ingot":93,"minecraft:dark_oak_planks":35,"minecraft:dandelion":2,"minecraft:lava_bucket":1,"minecraft:mutton":82,"minecraft:diamond_leggings":2,"minecraft:crying_obsidian":1,"minecraft:spruce_planks":1018,"minecraft:dirt":421,"minecraft:rail":197,"minecraft:stonecutter":1,"minecraft:crimson_nylium":49,"minecraft:diamond_helmet":3,"minecraft:iron_shovel":5,"minecraft:crimson_stem":16,"minecraft:torch":62,"minecraft:diamond_pickaxe":2,"minecraft:cherry_log":441,"minecraft:bread":31,"minecraft:cobblestone_stairs":1,"minecraft:spruce_log":965,"minecraft:oak_stairs":64,"minecraft:coal":101,"minecraft:oak_log":32,"minecraft:sand":40,"minecraft:wheat_seeds":57,"minecraft:iron_pickaxe":1,"minecraft:seagrass":3,"minecraft:egg":3,"minecraft:hopper":3,"minecraft:poppy":126,"minecraft:cooked_beef":9,"minecraft:white_wool":147,"minecraft:fletching_table":1,"minecraft:string":9,"minecraft:obsidian":20,"minecraft:nether_wart_block":4,"minecraft:ladder":18,"minecraft:filled_map":3,"minecraft:carrot":101,"minecraft:spruce_sapling":61,"minecraft:white_bed":8,"minecraft:bucket":5,"minecraft:leather":25,"minecraft:gold_nugget":12,"minecraft:lead":15,"minecraft:water_bucket":1,"minecraft:baked_potato":22,"minecraft:coast_armor_trim_smithing_template":2,"minecraft:porkchop":14,"minecraft:stick":1399,"minecraft:black_wool":5,"minecraft:chicken":1,"minecraft:diamond_boots":2,"minecraft:iron_axe":10,"minecraft:diamond_chestplate":2,"minecraft:wheat":14,"minecraft:cherry_boat":19,"minecraft:cherry_planks":366,"minecraft:cherry_slab":2,"minecraft:chest":5,"minecraft:nether_gold_ore":2,"minecraft:lectern":81,"minecraft:netherrack":873,"minecraft:magma_block":23,"minecraft:short_grass":1,"minecraft:gravel":2,"minecraft:smooth_stone":3,"minecraft:jungle_planks":14,"minecraft:light_gray_wool":2,"minecraft:bell":1,"minecraft:leaf_litter":5,"minecraft:potato":184,"minecraft:shield":3,"minecraft:spider_eye":4,"minecraft:bone_meal":4,"minecraft:dark_oak_log":12,"minecraft:wooden_pickaxe":1,"minecraft:oak_boat":1,"minecraft:cherry_sapling":79,"minecraft:oak_planks":70,"minecraft:raw_copper":74,"minecraft:bundle":1,"minecraft:rotten_flesh":106,"minecraft:beef":38,"minecraft:barrel":8,"minecraft:iron_hoe":1,"minecraft:crimson_slab":7},"minecraft:mined":{"minecraft:torch":12,"minecraft:nether_quartz_ore":2,"minecraft:chest":3,"minecraft:netherrack":1072,"minecraft:carrots":2,"minecraft:lectern":80,"minecraft:gravel":2,"minecraft:short_grass":42,"minecraft:dirt_path":2,"minecraft:spruce_planks":11,"minecraft:magma_block":36,"minecraft:obsidian":22,"minecraft:copper_ore":18,"minecraft:nether_wart_block":2,"minecraft:jungle_planks":16,"minecraft:packed_ice":135,"minecraft:wall_torch":35,"minecraft:jungle_stairs":1,"minecraft:kelp_plant":1,"minecraft:potatoes":8,"minecraft:stone":78,"minecraft:cobblestone_stairs":1,"minecraft:dandelion":2,"minecraft:coal_ore":101,"minecraft:oak_planks":20,"minecraft:cobblestone":62,"minecraft:white_bed":5,"minecraft:brewing_stand":1,"minecraft:crimson_slab":7,"minecraft:spruce_stairs":2,"minecraft:bookshelf":1,"minecraft:crimson_nylium":6,"minecraft:crimson_roots":1,"minecraft:tall_grass":3,"minecraft:wildflowers":1,"minecraft:barrel":8,"minecraft:tall_seagrass":4,"minecraft:rail":172,"minecraft:dirt":141,"minecraft:crimson_fungus":1,"minecraft:hopper":3,"minecraft:grass_block":57,"minecraft:spruce_leaves":54,"minecraft:white_wool":12,"minecraft:cherry_button":3,"minecraft:ladder":7,"minecraft:nether_gold_ore":3,"minecraft:sand":10,"minecraft:spruce_slab":3,"minecraft:cherry_planks":20,"minecraft:cherry_slab":2,"minecraft:stonecutter":1},"minecraft:custom":{"minecraft:time_since_rest":32805,"minecraft:talked_to_villager":277,"minecraft:leave_game":12,"minecraft:damage_taken":3363,"minecraft:mob_kills":96,"minecraft:boat_one_cm":930155,"minecraft:time_since_death":221309,"minecraft:interact_with_furnace":4,"minecraft:sleep_in_bed":12,"minecraft:inspect_dispenser":8,"minecraft:swim_one_cm":142893,"minecraft:total_world_time":551913,"minecraft:crouch_one_cm":70126,"minecraft:deaths":6,"minecraft:climb_one_cm":3852,"minecraft:traded_with_villager":249,"minecraft:interact_with_campfire":4,"minecraft:damage_blocked_by_shield":7996,"minecraft:interact_with_crafting_table":30,"minecraft:walk_one_cm":761754,"minecraft:walk_under_water_one_cm":20628,"minecraft:damage_dealt":12014,"minecraft:play_time":551913,"minecraft:jump":6142,"minecraft:drop":158,"minecraft:bell_ring":185,"minecraft:open_barrel":152,"minecraft:sprint_one_cm":1512226,"minecraft:open_chest":64,"minecraft:inspect_hopper":3,"minecraft:fall_one_cm":116983,"minecraft:fly_one_cm":1407923,"minecraft:walk_on_water_one_cm":50263,"minecraft:sneak_time":21884}},"DataVersion":4440}