{"stats":{"minecraft:custom":{"minecraft:talked_to_villager":2,"minecraft:time_since_rest":12873,"minecraft:walk_one_cm":48704,"minecraft:leave_game":5,"minecraft:walk_under_water_one_cm":294,"minecraft:damage_taken":195,"minecraft:play_time":15422,"minecraft:jump":48,"minecraft:time_since_death":12586,"minecraft:sprint_one_cm":48182,"minecraft:open_chest":3,"minecraft:fall_one_cm":1325,"minecraft:swim_one_cm":509,"minecraft:total_world_time":15422,"minecraft:fly_one_cm":11308,"minecraft:walk_on_water_one_cm":3060,"minecraft:crouch_one_cm":422,"minecraft:sneak_time":131,"minecraft:climb_one_cm":200,"minecraft:deaths":1},"minecraft:picked_up":{"minecraft:dirt":65,"minecraft:stick":48,"minecraft:cobblestone":65,"minecraft:cherry_button":21,"minecraft:cooked_beef":9,"minecraft:glass":16,"minecraft:iron_axe":2,"minecraft:diamond_pickaxe":1,"minecraft:iron_ingot":26,"minecraft:cherry_log":28,"minecraft:rotten_flesh":11,"minecraft:water_bucket":1,"minecraft:potato":13,"minecraft:shield":1,"minecraft:wheat_seeds":1,"minecraft:cherry_boat":2,"minecraft:cherry_planks":29,"minecraft:iron_hoe":1},"minecraft:killed_by":{"minecraft:player":1}},"DataVersion":4440}