{"stats":{"minecraft:broken":{"minecraft:iron_axe":1,"minecraft:shield":1,"minecraft:diamond_pickaxe":1},"minecraft:crafted":{"minecraft:black_bed":1,"minecraft:cherry_boat":2,"minecraft:lead":2,"minecraft:crafting_table":2,"minecraft:iron_hoe":1,"minecraft:white_bed":2,"minecraft:stick":3728,"minecraft:shield":1,"minecraft:cherry_slab":6,"minecraft:cherry_planks":1060,"minecraft:barrel":3,"minecraft:spruce_planks":1300,"minecraft:iron_pickaxe":1,"minecraft:bow":1,"minecraft:emerald":91,"minecraft:iron_axe":5,"minecraft:cobblestone_stairs":4},"minecraft:killed_by":{"minecraft:player":1,"minecraft:drowned":5},"minecraft:killed":{"minecraft:zombie":7,"minecraft:turtle":4,"minecraft:zombie_villager":2,"minecraft:chicken":2,"minecraft:sheep":34,"minecraft:iron_golem":1,"minecraft:pig":4,"minecraft:drowned":1,"minecraft:spider":1},"minecraft:used":{"minecraft:iron_axe":218,"minecraft:baked_potato":4,"minecraft:netherrack":587,"minecraft:suspicious_stew":1,"minecraft:shield":31,"minecraft:iron_pickaxe":67,"minecraft:cherry_planks":35,"minecraft:potato":11,"minecraft:iron_sword":50,"minecraft:iron_hoe":15,"minecraft:rotten_flesh":12,"minecraft:water_bucket":2,"minecraft:diamond_pickaxe":1355,"minecraft:ladder":12,"minecraft:fletching_table":1,"minecraft:bell":1,"minecraft:mutton":6,"minecraft:bread":31,"minecraft:barrel":10,"minecraft:dirt":446,"minecraft:black_bed":1,"minecraft:obsidian":2,"minecraft:iron_shovel":156,"minecraft:lava_bucket":11,"minecraft:cobblestone_stairs":5,"minecraft:spruce_planks":28,"minecraft:cherry_boat":12,"minecraft:cobblestone":79,"minecraft:rail":66,"minecraft:hopper":2,"minecraft:cooked_beef":9,"minecraft:carrot":29,"minecraft:bucket":12,"minecraft:crafting_table":2,"minecraft:cherry_slab":2,"minecraft:oak_planks":4,"minecraft:spruce_sapling":47,"minecraft:white_bed":10},"minecraft:dropped":{"minecraft:rotten_flesh":17,"minecraft:iron_axe":2,"minecraft:cherry_boat":3,"minecraft:iron_shovel":1,"minecraft:oak_planks":1,"minecraft:spruce_planks":1008,"minecraft:nether_wart_block":4,"minecraft:porkchop":6,"minecraft:magma_block":23,"minecraft:mossy_cobblestone":6,"minecraft:cobblestone_stairs":9,"minecraft:crimson_roots":9,"minecraft:bricks":2,"minecraft:gravel":3,"minecraft:bucket":1,"minecraft:white_wool":25,"minecraft:dirt":3,"minecraft:black_wool":2,"minecraft:iron_hoe":1,"minecraft:raw_copper":10,"minecraft:cobblestone_slab":8,"minecraft:cherry_slab":11,"minecraft:sand":8,"minecraft:birch_boat":1,"minecraft:cherry_sign":12,"minecraft:shears":2,"minecraft:nether_gold_ore":2,"minecraft:dark_oak_slab":4,"minecraft:rail":1,"minecraft:filled_map":2,"minecraft:cherry_button":22,"minecraft:cherry_planks":316,"minecraft:light_gray_wool":3,"minecraft:crimson_stem":16,"minecraft:diamond_pickaxe":1,"minecraft:dandelion":1,"minecraft:chicken":1,"minecraft:oak_stairs":9,"minecraft:seagrass":3,"minecraft:spruce_stairs":1,"minecraft:crimson_nylium":49,"minecraft:stick":768,"minecraft:spruce_sapling":1,"minecraft:carrot":1,"minecraft:prismarine_crystals":2,"minecraft:netherrack":293,"minecraft:mutton":4},"minecraft:picked_up":{"minecraft:cherry_sign":26,"minecraft:brewing_stand":2,"minecraft:cobblestone":304,"minecraft:shears":3,"minecraft:minecart":3,"minecraft:glass":32,"minecraft:flint":1,"minecraft:bone":3,"minecraft:dark_oak_sign":2,"minecraft:emerald":16,"minecraft:crimson_roots":9,"minecraft:salmon":12,"minecraft:cherry_button":29,"minecraft:bow":3,"minecraft:birch_boat":1,"minecraft:arrow":4,"minecraft:iron_ingot":90,"minecraft:dark_oak_planks":35,"minecraft:dandelion":2,"minecraft:lava_bucket":1,"minecraft:mutton":64,"minecraft:diamond_leggings":2,"minecraft:crying_obsidian":1,"minecraft:spruce_planks":1018,"minecraft:dirt":411,"minecraft:rail":94,"minecraft:stonecutter":1,"minecraft:crimson_nylium":49,"minecraft:diamond_helmet":3,"minecraft:iron_shovel":5,"minecraft:crimson_stem":16,"minecraft:torch":62,"minecraft:diamond_pickaxe":2,"minecraft:cherry_log":441,"minecraft:bread":31,"minecraft:cobblestone_stairs":1,"minecraft:spruce_log":965,"minecraft:oak_stairs":64,"minecraft:coal":101,"minecraft:oak_log":32,"minecraft:sand":33,"minecraft:wheat_seeds":56,"minecraft:iron_pickaxe":1,"minecraft:seagrass":3,"minecraft:egg":3,"minecraft:hopper":3,"minecraft:poppy":126,"minecraft:cooked_beef":9,"minecraft:white_wool":133,"minecraft:fletching_table":1,"minecraft:string":9,"minecraft:obsidian":20,"minecraft:nether_wart_block":4,"minecraft:ladder":17,"minecraft:filled_map":3,"minecraft:carrot":101,"minecraft:spruce_sapling":49,"minecraft:white_bed":8,"minecraft:bucket":5,"minecraft:leather":4,"minecraft:gold_nugget":12,"minecraft:lead":7,"minecraft:water_bucket":1,"minecraft:baked_potato":22,"minecraft:coast_armor_trim_smithing_template":2,"minecraft:porkchop":12,"minecraft:stick":1399,"minecraft:black_wool":5,"minecraft:chicken":1,"minecraft:diamond_boots":2,"minecraft:iron_axe":9,"minecraft:diamond_chestplate":2,"minecraft:wheat":14,"minecraft:cherry_boat":19,"minecraft:cherry_planks":362,"minecraft:cherry_slab":2,"minecraft:chest":5,"minecraft:nether_gold_ore":2,"minecraft:netherrack":873,"minecraft:magma_block":23,"minecraft:short_grass":1,"minecraft:gravel":2,"minecraft:smooth_stone":3,"minecraft:jungle_planks":14,"minecraft:light_gray_wool":2,"minecraft:bell":1,"minecraft:leaf_litter":5,"minecraft:potato":154,"minecraft:shield":3,"minecraft:spider_eye":4,"minecraft:bone_meal":4,"minecraft:dark_oak_log":12,"minecraft:wooden_pickaxe":1,"minecraft:oak_boat":1,"minecraft:cherry_sapling":79,"minecraft:oak_planks":70,"minecraft:raw_copper":74,"minecraft:bundle":1,"minecraft:rotten_flesh":39,"minecraft:barrel":8,"minecraft:iron_hoe":1},"minecraft:mined":{"minecraft:torch":12,"minecraft:cobblestone_stairs":1,"minecraft:nether_quartz_ore":2,"minecraft:chest":3,"minecraft:dandelion":1,"minecraft:netherrack":1072,"minecraft:coal_ore":101,"minecraft:oak_planks":20,"minecraft:carrots":2,"minecraft:cobblestone":61,"minecraft:white_bed":5,"minecraft:gravel":2,"minecraft:short_grass":7,"minecraft:dirt_path":2,"minecraft:spruce_planks":11,"minecraft:brewing_stand":1,"minecraft:spruce_stairs":2,"minecraft:magma_block":36,"minecraft:obsidian":22,"minecraft:crimson_nylium":6,"minecraft:copper_ore":18,"minecraft:wildflowers":1,"minecraft:barrel":8,"minecraft:tall_seagrass":4,"minecraft:rail":73,"minecraft:dirt":127,"minecraft:nether_wart_block":2,"minecraft:hopper":3,"minecraft:jungle_planks":16,"minecraft:grass_block":46,"minecraft:packed_ice":135,"minecraft:spruce_leaves":54,"minecraft:white_wool":9,"minecraft:cherry_button":3,"minecraft:ladder":6,"minecraft:wall_torch":35,"minecraft:jungle_stairs":1,"minecraft:nether_gold_ore":3,"minecraft:sand":8,"minecraft:spruce_slab":3,"minecraft:kelp_plant":1,"minecraft:cherry_planks":15,"minecraft:cherry_slab":2,"minecraft:stonecutter":1,"minecraft:potatoes":4,"minecraft:stone":78},"minecraft:custom":{"minecraft:time_since_rest":2323,"minecraft:talked_to_villager":58,"minecraft:leave_game":11,"minecraft:damage_taken":2898,"minecraft:mob_kills":57,"minecraft:boat_one_cm":930155,"minecraft:time_since_death":67963,"minecraft:sleep_in_bed":6,"minecraft:inspect_dispenser":1,"minecraft:swim_one_cm":131784,"minecraft:total_world_time":398567,"minecraft:crouch_one_cm":59530,"minecraft:deaths":6,"minecraft:climb_one_cm":2960,"minecraft:traded_with_villager":92,"minecraft:damage_blocked_by_shield":4126,"minecraft:interact_with_crafting_table":17,"minecraft:walk_one_cm":574980,"minecraft:walk_under_water_one_cm":20121,"minecraft:damage_dealt":7550,"minecraft:play_time":398567,"minecraft:jump":4309,"minecraft:drop":110,"minecraft:bell_ring":185,"minecraft:open_barrel":103,"minecraft:sprint_one_cm":996790,"minecraft:open_chest":58,"minecraft:inspect_hopper":3,"minecraft:fall_one_cm":85273,"minecraft:fly_one_cm":934055,"minecraft:walk_on_water_one_cm":44449,"minecraft:sneak_time":18135}},"DataVersion":4440}