{"stats":{"minecraft:used":{"minecraft:stone_axe":248,"minecraft:oak_trapdoor":9,"minecraft:iron_axe":497,"minecraft:wildflowers":4,"minecraft:cherry_leaves":193,"minecraft:shield":159,"minecraft:iron_pickaxe":458,"minecraft:cherry_planks":376,"minecraft:potato":352,"minecraft:campfire":1,"minecraft:oak_boat":3,"minecraft:iron_sword":54,"minecraft:wheat_seeds":74,"minecraft:golden_carrot":11,"minecraft:cherry_sapling":108,"minecraft:wooden_axe":7,"minecraft:diamond_pickaxe":205,"minecraft:cooked_mutton":6,"minecraft:glass":4,"minecraft:salmon":3,"minecraft:golden_boots":3,"minecraft:ladder":5,"minecraft:cooked_porkchop":3,"minecraft:iron_shovel":62,"minecraft:minecart":11,"minecraft:smooth_stone":4,"minecraft:lava_bucket":21,"minecraft:oxeye_daisy":6,"minecraft:cherry_boat":24,"minecraft:diorite":21,"minecraft:wooden_pickaxe":98,"minecraft:cobblestone":368,"minecraft:cherry_sign":32,"minecraft:hopper":5,"minecraft:carrot":244,"minecraft:crafting_table":21,"minecraft:cherry_slab":3,"minecraft:birch_boat":10,"minecraft:poppy":16,"minecraft:iron_chestplate":3,"minecraft:hopper_minecart":8,"minecraft:dandelion":38,"minecraft:white_bed":18,"minecraft:stone_pickaxe":440,"minecraft:pointed_dripstone":1,"minecraft:oak_door":3,"minecraft:cherry_button":231,"minecraft:baked_potato":16,"minecraft:iron_leggings":6,"minecraft:cobbled_deepslate":15,"minecraft:lilac":1,"minecraft:apple":6,"minecraft:yellow_bed":2,"minecraft:pink_petals":97,"minecraft:mossy_cobblestone":3,"minecraft:stone_shovel":734,"minecraft:iron_hoe":294,"minecraft:rotten_flesh":70,"minecraft:water_bucket":35,"minecraft:dark_oak_planks":9,"minecraft:furnace":6,"minecraft:mutton":4,"minecraft:barrel":10,"minecraft:torch":48,"minecraft:bread":60,"minecraft:dirt":1255,"minecraft:iron_boots":6,"minecraft:dark_oak_sign":6,"minecraft:chicken":1,"minecraft:dark_oak_slab":3,"minecraft:furnace_minecart":3,"minecraft:cobblestone_slab":11,"minecraft:bundle":7,"minecraft:gravel":14,"minecraft:composter":5,"minecraft:cooked_chicken":4,"minecraft:birch_log":1,"minecraft:rail":118,"minecraft:cherry_log":15,"minecraft:shears":2,"minecraft:cooked_beef":1,"minecraft:flint_and_steel":31,"minecraft:bucket":58,"minecraft:chest":8,"minecraft:cornflower":4,"minecraft:iron_helmet":5,"minecraft:dripstone_block":1,"minecraft:cauldron":3,"minecraft:beef":1,"minecraft:oak_planks":8,"minecraft:porkchop":2,"minecraft:oak_sapling":11,"minecraft:egg":2,"minecraft:azure_bluet":5},"minecraft:killed_by":{"minecraft:skeleton":10,"minecraft:zombie_villager":3,"minecraft:creeper":6,"minecraft:spider":2,"minecraft:iron_golem":6,"minecraft:drowned":4,"minecraft:zombie":26},"minecraft:picked_up":{"minecraft:poisonous_potato":3,"minecraft:cherry_sign":32,"minecraft:shears":7,"minecraft:minecart":50,"minecraft:cobblestone":1767,"minecraft:glass":72,"minecraft:composter":4,"minecraft:flint":4,"minecraft:hopper_minecart":4,"minecraft:bone":22,"minecraft:dark_oak_sign":3,"minecraft:cooked_mutton":28,"minecraft:glow_berries":3,"minecraft:clay_ball":104,"minecraft:iron_sword":8,"minecraft:smoker":1,"minecraft:emerald":65,"minecraft:salmon":112,"minecraft:ink_sac":7,"minecraft:cherry_button":630,"minecraft:wildflowers":20,"minecraft:birch_boat":12,"minecraft:stone_shovel":5,"minecraft:arrow":17,"minecraft:iron_ingot":592,"minecraft:lilac":1,"minecraft:dark_oak_planks":60,"minecraft:hay_block":28,"minecraft:azalea":12,"minecraft:golden_leggings":2,"minecraft:dandelion":59,"minecraft:lava_bucket":5,"minecraft:mutton":33,"minecraft:golden_carrot":11,"minecraft:iron_chestplate":3,"minecraft:dirt":2705,"minecraft:rail":162,"minecraft:iron_shovel":23,"minecraft:golden_boots":7,"minecraft:azure_bluet":11,"minecraft:torch":49,"minecraft:diamond_pickaxe":11,"minecraft:dripstone_block":2,"minecraft:cherry_log":1725,"minecraft:cobblestone_stairs":13,"minecraft:bread":152,"minecraft:spruce_log":81,"minecraft:iron_boots":16,"minecraft:oxeye_daisy":12,"minecraft:oak_stairs":75,"minecraft:coal":103,"minecraft:oak_log":229,"minecraft:oak_fence":44,"minecraft:sand":27,"minecraft:furnace":1,"minecraft:oak_door":10,"minecraft:wheat_seeds":267,"minecraft:cherry_leaves":193,"minecraft:iron_pickaxe":18,"minecraft:egg":6,"minecraft:iron_leggings":15,"minecraft:diamond_sword":1,"minecraft:hopper":1,"minecraft:poppy":45,"minecraft:cooked_beef":68,"minecraft:white_wool":111,"minecraft:feather":3,"minecraft:bricks":2,"minecraft:blast_furnace":1,"minecraft:andesite":23,"minecraft:string":31,"minecraft:ladder":2,"minecraft:cornflower":7,"minecraft:iron_helmet":11,"minecraft:diamond_axe":1,"minecraft:oak_fence_gate":2,"minecraft:carrot":355,"minecraft:furnace_minecart":3,"minecraft:flowering_azalea":2,"minecraft:white_bed":36,"minecraft:bucket":20,"minecraft:leather":42,"minecraft:lead":82,"minecraft:water_bucket":8,"minecraft:stone_pickaxe":10,"minecraft:moss_carpet":6,"minecraft:porkchop":51,"minecraft:oak_trapdoor":13,"minecraft:stick":1318,"minecraft:chicken":9,"minecraft:moss_block":44,"minecraft:cooked_porkchop":72,"minecraft:iron_axe":32,"minecraft:kelp":4,"minecraft:raw_iron":103,"minecraft:cobbled_deepslate":24,"minecraft:pointed_dripstone":2,"minecraft:stone_axe":10,"minecraft:mossy_cobblestone":9,"minecraft:wheat":106,"minecraft:cherry_boat":68,"minecraft:cherry_planks":1821,"minecraft:cherry_slab":87,"minecraft:chest":2,"minecraft:pink_petals":97,"minecraft:yellow_bed":3,"minecraft:stone":1,"minecraft:short_grass":1,"minecraft:gravel":26,"minecraft:smooth_stone":7,"minecraft:light_gray_wool":1,"minecraft:bell":1,"minecraft:leaf_litter":198,"minecraft:potato":639,"minecraft:birch_log":12,"minecraft:shield":16,"minecraft:spider_eye":3,"minecraft:spruce_stairs":2,"minecraft:bone_meal":25,"minecraft:dark_oak_log":139,"minecraft:diorite":63,"minecraft:wooden_pickaxe":1,"minecraft:oak_boat":5,"minecraft:cherry_sapling":224,"minecraft:oak_planks":96,"minecraft:flint_and_steel":1,"minecraft:crafting_table":23,"minecraft:oak_sapling":38,"minecraft:beef":86,"minecraft:rotten_flesh":337,"minecraft:apple":11,"minecraft:cobblestone_slab":15,"minecraft:cherry_trapdoor":2,"minecraft:barrel":2,"minecraft:iron_hoe":12,"minecraft:stripped_oak_wood":1},"minecraft:mined":{"minecraft:torch":13,"minecraft:oak_fence_gate":3,"minecraft:chest":2,"minecraft:carrots":34,"minecraft:gravel":28,"minecraft:short_grass":159,"minecraft:dirt_path":137,"minecraft:crafting_table":15,"minecraft:birch_log":6,"minecraft:leaf_litter":15,"minecraft:oxeye_daisy":6,"minecraft:lilac":1,"minecraft:farmland":4,"minecraft:cave_vines":1,"minecraft:smooth_stone":7,"minecraft:andesite":7,"minecraft:oak_fence":3,"minecraft:blast_furnace":1,"minecraft:moss_block":13,"minecraft:dark_oak_slab":3,"minecraft:dark_oak_leaves":1,"minecraft:wall_torch":5,"minecraft:yellow_bed":2,"minecraft:fire":2,"minecraft:poppy":11,"minecraft:potatoes":172,"minecraft:dripstone_block":1,"minecraft:azalea":1,"minecraft:azure_bluet":10,"minecraft:iron_ore":61,"minecraft:stone":315,"minecraft:glass_pane":8,"minecraft:cobblestone_stairs":9,"minecraft:bush":2,"minecraft:dandelion":45,"minecraft:coal_ore":51,"minecraft:diorite":21,"minecraft:wheat":52,"minecraft:oak_planks":57,"minecraft:hay_block":28,"minecraft:cobblestone":629,"minecraft:oak_trapdoor":13,"minecraft:white_bed":11,"minecraft:dark_oak_sign":5,"minecraft:smoker":1,"minecraft:cherry_leaves":2,"minecraft:oak_leaves":21,"minecraft:furnace":1,"minecraft:clay":5,"minecraft:composter":3,"minecraft:cherry_wall_sign":17,"minecraft:bricks":2,"minecraft:tall_grass":43,"minecraft:wildflowers":7,"minecraft:barrel":2,"minecraft:tall_seagrass":1,"minecraft:rail":38,"minecraft:oak_stairs":100,"minecraft:mossy_cobblestone":9,"minecraft:dirt":553,"minecraft:grass_block":355,"minecraft:pink_petals":36,"minecraft:cobbled_deepslate":1,"minecraft:ladder":1,"minecraft:cherry_button":80,"minecraft:deepslate":12,"minecraft:sand":22,"minecraft:cherry_planks":141,"minecraft:cobblestone_slab":9,"minecraft:cherry_slab":3,"minecraft:cornflower":4,"minecraft:cherry_sign":2,"minecraft:oak_log":34,"minecraft:oak_door":3},"minecraft:broken":{"minecraft:stone_shovel":4,"minecraft:golden_leggings":1,"minecraft:iron_axe":1,"minecraft:shield":1,"minecraft:stone_axe":3,"minecraft:iron_pickaxe":1,"minecraft:stone_pickaxe":3},"minecraft:dropped":{"minecraft:azalea":11,"minecraft:iron_axe":1,"minecraft:iron_shovel":4,"minecraft:glow_berries":3,"minecraft:oak_planks":54,"minecraft:andesite":16,"minecraft:oxeye_daisy":6,"minecraft:kelp":4,"minecraft:bone":3,"minecraft:ink_sac":3,"minecraft:poppy":4,"minecraft:wheat_seeds":72,"minecraft:iron_ingot":45,"minecraft:stone_pickaxe":1,"minecraft:moss_block":33,"minecraft:azure_bluet":6,"minecraft:oak_sapling":19,"minecraft:cherry_planks":4,"minecraft:cornflower":3,"minecraft:cherry_trapdoor":1,"minecraft:diamond_pickaxe":1,"minecraft:dandelion":21,"minecraft:golden_boots":2,"minecraft:clay_ball":84,"minecraft:arrow":3,"minecraft:white_bed":5,"minecraft:spruce_log":81,"minecraft:bread":1,"minecraft:spider_eye":2,"minecraft:stone_axe":5,"minecraft:iron_boots":1,"minecraft:oak_door":3,"minecraft:ladder":1,"minecraft:diorite":21,"minecraft:rotten_flesh":15,"minecraft:stone_shovel":2,"minecraft:torch":5,"minecraft:cobblestone_stairs":4,"minecraft:cherry_sapling":21,"minecraft:diamond_axe":1,"minecraft:white_wool":35,"minecraft:dirt":151,"minecraft:stone":1,"minecraft:moss_carpet":6,"minecraft:cherry_sign":3,"minecraft:oak_fence":2,"minecraft:cherry_log":1,"minecraft:feather":3,"minecraft:emerald":1,"minecraft:coal":21,"minecraft:potato":42,"minecraft:wildflowers":16,"minecraft:bone_meal":21,"minecraft:poisonous_potato":1,"minecraft:apple":3,"minecraft:wooden_pickaxe":1,"minecraft:crafting_table":2,"minecraft:flowering_azalea":2},"minecraft:custom":{"minecraft:time_since_rest":13479,"minecraft:talked_to_villager":207,"minecraft:leave_game":50,"minecraft:damage_taken":21609,"minecraft:mob_kills":140,"minecraft:boat_one_cm":1046923,"minecraft:time_since_death":24981,"minecraft:interact_with_furnace":36,"minecraft:sleep_in_bed":39,"minecraft:inspect_dispenser":5,"minecraft:swim_one_cm":189110,"minecraft:total_world_time":1447252,"minecraft:crouch_one_cm":105187,"minecraft:climb_one_cm":4566,"minecraft:deaths":61,"minecraft:animals_bred":4,"minecraft:minecart_one_cm":0,"minecraft:interact_with_campfire":17,"minecraft:damage_blocked_by_shield":17004,"minecraft:interact_with_crafting_table":144,"minecraft:walk_one_cm":3207549,"minecraft:walk_under_water_one_cm":56940,"minecraft:damage_dealt":22030,"minecraft:play_time":1447252,"minecraft:jump":10773,"minecraft:drop":204,"minecraft:use_cauldron":2,"minecraft:open_barrel":26,"minecraft:sprint_one_cm":2820385,"minecraft:open_chest":325,"minecraft:inspect_hopper":20,"minecraft:fall_one_cm":232599,"minecraft:fly_one_cm":1806228,"minecraft:walk_on_water_one_cm":127370,"minecraft:sneak_time":46933,"minecraft:interact_with_blast_furnace":1},"minecraft:crafted":{"minecraft:wooden_axe":2,"minecraft:cherry_boat":5,"minecraft:iron_chestplate":1,"minecraft:cherry_button":180,"minecraft:stick":380,"minecraft:cherry_sign":24,"minecraft:minecart":6,"minecraft:cooked_porkchop":14,"minecraft:cherry_slab":24,"minecraft:iron_helmet":1,"minecraft:chest":15,"minecraft:bucket":6,"minecraft:oak_boat":1,"minecraft:ladder":9,"minecraft:dark_oak_planks":128,"minecraft:cauldron":3,"minecraft:furnace_minecart":1,"minecraft:cobblestone_slab":12,"minecraft:iron_hoe":2,"minecraft:oak_planks":276,"minecraft:campfire":1,"minecraft:rail":96,"minecraft:iron_shovel":17,"minecraft:iron_sword":2,"minecraft:shears":1,"minecraft:stone_shovel":7,"minecraft:cooked_chicken":4,"minecraft:birch_planks":44,"minecraft:hopper_minecart":4,"minecraft:hopper":8,"minecraft:stone_pickaxe":8,"minecraft:cooked_mutton":11,"minecraft:iron_boots":1,"minecraft:wooden_pickaxe":6,"minecraft:cooked_beef":10,"minecraft:fletching_table":1,"minecraft:cherry_planks":1072,"minecraft:barrel":8,"minecraft:composter":2,"minecraft:wheat":252,"minecraft:furnace":6,"minecraft:birch_boat":1,"minecraft:iron_ingot":49,"minecraft:lead":4,"minecraft:dark_oak_slab":30,"minecraft:bread":84,"minecraft:dark_oak_sign":3,"minecraft:stone":1,"minecraft:crafting_table":10,"minecraft:torch":36,"minecraft:white_bed":13,"minecraft:baked_potato":16,"minecraft:shield":3,"minecraft:stone_axe":10,"minecraft:iron_pickaxe":5,"minecraft:iron_axe":9,"minecraft:iron_leggings":1},"minecraft:killed":{"minecraft:zombified_piglin":1,"minecraft:skeleton":3,"minecraft:iron_golem":5,"minecraft:pig":23,"minecraft:villager":5,"minecraft:wandering_trader":2,"minecraft:spider":6,"minecraft:salmon":11,"minecraft:zombie":22,"minecraft:trader_llama":4,"minecraft:zombie_villager":8,"minecraft:chicken":6,"minecraft:sheep":22,"minecraft:drowned":3,"minecraft:cow":16}},"DataVersion":4440}