{"stats":{"minecraft:used":{"minecraft:iron_axe":432,"minecraft:shield":131,"minecraft:iron_pickaxe":427,"minecraft:cherry_planks":94,"minecraft:potato":30,"minecraft:iron_sword":194,"minecraft:diamond_pickaxe":1471,"minecraft:cooked_mutton":34,"minecraft:bookshelf":1,"minecraft:glass":18,"minecraft:crimson_planks":249,"minecraft:ladder":14,"minecraft:iron_shovel":156,"minecraft:crimson_slab":7,"minecraft:lava_bucket":15,"minecraft:cherry_boat":14,"minecraft:cobblestone":137,"minecraft:cherry_sign":2,"minecraft:hopper":12,"minecraft:carrot":29,"minecraft:crafting_table":5,"minecraft:cherry_slab":5,"minecraft:white_bed":10,"minecraft:bow":50,"minecraft:diamond_boots":1,"minecraft:baked_potato":7,"minecraft:netherrack":742,"minecraft:suspicious_stew":1,"minecraft:iron_hoe":758,"minecraft:rotten_flesh":31,"minecraft:water_bucket":5,"minecraft:fletching_table":1,"minecraft:anvil":1,"minecraft:bell":1,"minecraft:mutton":6,"minecraft:bread":35,"minecraft:barrel":11,"minecraft:dirt":518,"minecraft:black_bed":1,"minecraft:obsidian":2,"minecraft:cobblestone_stairs":5,"minecraft:spruce_planks":31,"minecraft:white_wool":3,"minecraft:rail":226,"minecraft:nether_wart_block":55,"minecraft:lectern":95,"minecraft:cooked_beef":9,"minecraft:bucket":20,"minecraft:oak_planks":4,"minecraft:spruce_sapling":82},"minecraft:dropped":{"minecraft:dark_oak_sign":6,"minecraft:iron_axe":3,"minecraft:iron_shovel":1,"minecraft:oak_planks":1,"minecraft:lectern":1,"minecraft:porkchop":6,"minecraft:magma_block":23,"minecraft:mossy_cobblestone":6,"minecraft:crimson_roots":10,"minecraft:lead":1,"minecraft:gravel":3,"minecraft:glass":1,"minecraft:wheat_seeds":1,"minecraft:cobblestone_slab":8,"minecraft:dark_oak_slab":4,"minecraft:filled_map":2,"minecraft:cherry_button":23,"minecraft:cherry_planks":316,"minecraft:minecart":1,"minecraft:light_gray_wool":3,"minecraft:grass_block":1,"minecraft:diamond_pickaxe":1,"minecraft:dandelion":1,"minecraft:seagrass":3,"minecraft:spruce_stairs":1,"minecraft:crimson_nylium":49,"minecraft:stick":923,"minecraft:spruce_sapling":13,"minecraft:carrot":1,"minecraft:prismarine_crystals":2,"minecraft:iron_pickaxe":1,"minecraft:rotten_flesh":73,"minecraft:cherry_boat":3,"minecraft:spruce_planks":1008,"minecraft:nether_wart_block":7,"minecraft:cobblestone_stairs":9,"minecraft:bricks":2,"minecraft:bucket":1,"minecraft:white_wool":25,"minecraft:dirt":9,"minecraft:black_wool":2,"minecraft:iron_hoe":1,"minecraft:raw_copper":10,"minecraft:cherry_slab":11,"minecraft:sand":13,"minecraft:birch_boat":1,"minecraft:cherry_sign":12,"minecraft:shears":2,"minecraft:nether_gold_ore":2,"minecraft:rail":7,"minecraft:potato":16,"minecraft:crimson_stem":16,"minecraft:chicken":1,"minecraft:oak_stairs":9,"minecraft:netherrack":293,"minecraft:mutton":4},"minecraft:mined":{"minecraft:torch":12,"minecraft:nether_quartz_ore":2,"minecraft:chest":3,"minecraft:netherrack":1189,"minecraft:carrots":2,"minecraft:spruce_sapling":5,"minecraft:lectern":85,"minecraft:gravel":13,"minecraft:short_grass":55,"minecraft:weeping_vines_plant":10,"minecraft:weeping_vines":4,"minecraft:dirt_path":6,"minecraft:spruce_planks":14,"minecraft:crafting_table":2,"minecraft:magma_block":146,"minecraft:obsidian":26,"minecraft:copper_ore":18,"minecraft:nether_wart_block":66,"minecraft:jungle_planks":16,"minecraft:packed_ice":135,"minecraft:wall_torch":35,"minecraft:jungle_stairs":1,"minecraft:warped_fungus":1,"minecraft:kelp_plant":1,"minecraft:potatoes":8,"minecraft:stone":78,"minecraft:cobblestone_stairs":1,"minecraft:dandelion":2,"minecraft:coal_ore":101,"minecraft:oak_planks":20,"minecraft:cobblestone":163,"minecraft:white_bed":5,"minecraft:brewing_stand":1,"minecraft:crimson_slab":7,"minecraft:spruce_stairs":2,"minecraft:bookshelf":1,"minecraft:crimson_nylium":53,"minecraft:crimson_roots":11,"minecraft:tall_grass":3,"minecraft:wildflowers":1,"minecraft:barrel":8,"minecraft:tall_seagrass":4,"minecraft:rail":186,"minecraft:dirt":242,"minecraft:crimson_fungus":4,"minecraft:hopper":6,"minecraft:grass_block":79,"minecraft:spruce_leaves":782,"minecraft:white_wool":12,"minecraft:cherry_button":3,"minecraft:ladder":8,"minecraft:nether_gold_ore":3,"minecraft:sand":10,"minecraft:spruce_slab":3,"minecraft:cherry_planks":22,"minecraft:cherry_slab":5,"minecraft:stonecutter":1,"minecraft:crimson_planks":17},"minecraft:custom":{"minecraft:time_since_rest":44348,"minecraft:talked_to_villager":330,"minecraft:leave_game":14,"minecraft:damage_taken":5374,"minecraft:mob_kills":114,"minecraft:boat_one_cm":931305,"minecraft:time_since_death":44302,"minecraft:interact_with_furnace":14,"minecraft:sleep_in_bed":14,"minecraft:inspect_dispenser":8,"minecraft:swim_one_cm":144979,"minecraft:total_world_time":709755,"minecraft:crouch_one_cm":102682,"minecraft:deaths":9,"minecraft:climb_one_cm":7254,"minecraft:traded_with_villager":415,"minecraft:interact_with_campfire":4,"minecraft:damage_blocked_by_shield":15260,"minecraft:interact_with_crafting_table":61,"minecraft:walk_one_cm":968241,"minecraft:walk_under_water_one_cm":22113,"minecraft:damage_dealt":14558,"minecraft:play_time":709755,"minecraft:jump":7335,"minecraft:drop":174,"minecraft:bell_ring":185,"minecraft:open_barrel":235,"minecraft:sprint_one_cm":1869329,"minecraft:open_chest":69,"minecraft:inspect_hopper":7,"minecraft:fall_one_cm":137632,"minecraft:fly_one_cm":1658241,"minecraft:interact_with_anvil":2,"minecraft:walk_on_water_one_cm":54512,"minecraft:sneak_time":32480},"minecraft:picked_up":{"minecraft:cherry_sign":26,"minecraft:brewing_stand":2,"minecraft:cobblestone":307,"minecraft:shears":3,"minecraft:minecart":14,"minecraft:glass":33,"minecraft:flint":2,"minecraft:bone":8,"minecraft:dark_oak_sign":8,"minecraft:emerald":16,"minecraft:crimson_roots":23,"minecraft:book":3,"minecraft:salmon":12,"minecraft:crimson_fungus":2,"minecraft:cherry_button":29,"minecraft:bow":3,"minecraft:birch_boat":1,"minecraft:arrow":10,"minecraft:iron_ingot":118,"minecraft:dark_oak_planks":35,"minecraft:dandelion":2,"minecraft:lava_bucket":1,"minecraft:mutton":82,"minecraft:diamond_leggings":2,"minecraft:crying_obsidian":1,"minecraft:spruce_planks":1021,"minecraft:dirt":538,"minecraft:rail":211,"minecraft:stonecutter":1,"minecraft:crimson_nylium":49,"minecraft:diamond_helmet":3,"minecraft:iron_shovel":5,"minecraft:crimson_stem":77,"minecraft:torch":62,"minecraft:diamond_pickaxe":2,"minecraft:cherry_log":441,"minecraft:bread":31,"minecraft:cobblestone_stairs":1,"minecraft:spruce_log":1413,"minecraft:oak_stairs":64,"minecraft:coal":101,"minecraft:oak_log":32,"minecraft:sand":40,"minecraft:wheat_seeds":60,"minecraft:iron_pickaxe":2,"minecraft:seagrass":3,"minecraft:weeping_vines":7,"minecraft:egg":3,"minecraft:hopper":6,"minecraft:poppy":126,"minecraft:cooked_beef":9,"minecraft:white_wool":147,"minecraft:fletching_table":1,"minecraft:ender_pearl":1,"minecraft:string":13,"minecraft:obsidian":24,"minecraft:nether_wart_block":62,"minecraft:ladder":19,"minecraft:filled_map":3,"minecraft:warped_fungus":1,"minecraft:carrot":101,"minecraft:spruce_sapling":138,"minecraft:white_bed":8,"minecraft:bucket":5,"minecraft:leather":26,"minecraft:gold_nugget":12,"minecraft:lead":15,"minecraft:water_bucket":1,"minecraft:baked_potato":22,"minecraft:coast_armor_trim_smithing_template":2,"minecraft:porkchop":20,"minecraft:stick":1596,"minecraft:black_wool":5,"minecraft:chicken":1,"minecraft:diamond_boots":2,"minecraft:golden_chestplate":1,"minecraft:iron_axe":10,"minecraft:diamond_chestplate":2,"minecraft:wheat":14,"minecraft:cherry_boat":20,"minecraft:cherry_planks":368,"minecraft:cherry_slab":5,"minecraft:chest":5,"minecraft:nether_gold_ore":2,"minecraft:lectern":86,"minecraft:netherrack":1028,"minecraft:crimson_planks":19,"minecraft:magma_block":120,"minecraft:short_grass":1,"minecraft:gravel":12,"minecraft:smooth_stone":3,"minecraft:jungle_planks":14,"minecraft:light_gray_wool":2,"minecraft:bell":1,"minecraft:leaf_litter":5,"minecraft:potato":184,"minecraft:grass_block":2,"minecraft:shield":3,"minecraft:spider_eye":5,"minecraft:bone_meal":4,"minecraft:dark_oak_log":12,"minecraft:wooden_pickaxe":1,"minecraft:oak_boat":1,"minecraft:cherry_sapling":79,"minecraft:oak_planks":70,"minecraft:crafting_table":2,"minecraft:raw_copper":74,"minecraft:bundle":1,"minecraft:rotten_flesh":119,"minecraft:beef":38,"minecraft:barrel":8,"minecraft:iron_hoe":1,"minecraft:crimson_slab":7},"minecraft:killed":{"minecraft:skeleton":3,"minecraft:iron_golem":1,"minecraft:pig":5,"minecraft:piglin":1,"minecraft:spider":7,"minecraft:zombie":16,"minecraft:turtle":4,"minecraft:creeper":3,"minecraft:zombie_villager":2,"minecraft:chicken":2,"minecraft:sheep":45,"minecraft:hoglin":2,"minecraft:cow":20,"minecraft:drowned":1},"minecraft:killed_by":{"minecraft:player":1,"minecraft:piglin":2,"minecraft:drowned":5},"minecraft:broken":{"minecraft:golden_leggings":1,"minecraft:iron_hoe":2,"minecraft:iron_axe":2,"minecraft:shield":2,"minecraft:iron_pickaxe":1,"minecraft:diamond_pickaxe":1},"minecraft:crafted":{"minecraft:diamond_boots":1,"minecraft:hopper":7,"minecraft:cherry_boat":2,"minecraft:arrow":16,"minecraft:cooked_mutton":50,"minecraft:book":25,"minecraft:iron_chestplate":1,"minecraft:iron_boots":1,"minecraft:crimson_planks":244,"minecraft:anvil":1,"minecraft:stick":11608,"minecraft:charcoal":2,"minecraft:spruce_slab":48,"minecraft:minecart":5,"minecraft:cherry_slab":6,"minecraft:cherry_planks":1112,"minecraft:iron_helmet":1,"minecraft:barrel":5,"minecraft:iron_block":11,"minecraft:diamond_pickaxe":1,"minecraft:chest":3,"minecraft:bookshelf":12,"minecraft:iron_nugget":8,"minecraft:bow":1,"minecraft:emerald":395,"minecraft:paper":75,"minecraft:bucket":1,"minecraft:black_bed":1,"minecraft:golden_boots":1,"minecraft:lead":2,"minecraft:glass":3,"minecraft:stone":16,"minecraft:crafting_table":4,"minecraft:iron_hoe":4,"minecraft:white_bed":2,"minecraft:enchanted_book":10,"minecraft:baked_potato":56,"minecraft:shield":3,"minecraft:lectern":11,"minecraft:spruce_planks":5164,"minecraft:iron_pickaxe":6,"minecraft:rail":64,"minecraft:iron_shovel":1,"minecraft:iron_sword":2,"minecraft:iron_axe":9,"minecraft:iron_leggings":1,"minecraft:cobblestone_stairs":4,"minecraft:spruce_button":64}},"DataVersion":4440}