{"stats":{"minecraft:custom":{"minecraft:time_since_rest":199,"minecraft:walk_one_cm":4293,"minecraft:leave_game":2,"minecraft:walk_under_water_one_cm":20,"minecraft:damage_taken":195,"minecraft:play_time":2748,"minecraft:jump":4,"minecraft:time_since_death":0,"minecraft:sprint_one_cm":14606,"minecraft:open_chest":3,"minecraft:fall_one_cm":200,"minecraft:swim_one_cm":509,"minecraft:total_world_time":2748,"minecraft:fly_one_cm":28,"minecraft:walk_on_water_one_cm":1222,"minecraft:climb_one_cm":42,"minecraft:deaths":1},"minecraft:killed_by":{"minecraft:player":1}},"DataVersion":4440}