{"stats":{"minecraft:mined":{"minecraft:short_grass":8,"minecraft:torch":2,"minecraft:wall_torch":1,"minecraft:oak_leaves":1,"minecraft:dirt":1,"minecraft:crafting_table":1,"minecraft:oak_log":5,"minecraft:coal_ore":22,"minecraft:stone":21},"minecraft:used":{"minecraft:stone_axe":6,"minecraft:crafting_table":2,"minecraft:wooden_pickaxe":13,"minecraft:torch":6,"minecraft:stone_pickaxe":32},"minecraft:picked_up":{"minecraft:coal":22,"minecraft:dirt":1,"minecraft:oak_log":5,"minecraft:cobblestone":21,"minecraft:crafting_table":1,"minecraft:torch":4},"minecraft:dropped":{"minecraft:cobblestone":15,"minecraft:crafting_table":1,"minecraft:oak_planks":5,"minecraft:torch":2,"minecraft:stone_axe":1,"minecraft:stone_pickaxe":1,"minecraft:wooden_pickaxe":1,"minecraft:stick":1,"minecraft:coal":21,"minecraft:dirt":1},"minecraft:crafted":{"minecraft:torch":4,"minecraft:stick":8,"minecraft:wooden_pickaxe":1,"minecraft:stone_axe":1,"minecraft:oak_planks":20,"minecraft:stone_pickaxe":1,"minecraft:crafting_table":2},"minecraft:custom":{"minecraft:interact_with_crafting_table":2,"minecraft:time_since_rest":14675,"minecraft:walk_one_cm":15696,"minecraft:leave_game":1,"minecraft:damage_taken":100,"minecraft:play_time":14675,"minecraft:damage_dealt":20,"minecraft:jump":97,"minecraft:time_since_death":14675,"minecraft:drop":13,"minecraft:sprint_one_cm":13405,"minecraft:fall_one_cm":8395,"minecraft:total_world_time":14675,"minecraft:fly_one_cm":22943,"minecraft:crouch_one_cm":3172,"minecraft:sneak_time":5393}},"DataVersion":4440}