{"stats":{"minecraft:custom":{"minecraft:time_since_rest":21104,"minecraft:walk_one_cm":6936,"minecraft:leave_game":16,"minecraft:damage_taken":240,"minecraft:play_time":72119,"minecraft:damage_dealt":25,"minecraft:jump":128,"minecraft:time_since_death":21063,"minecraft:sprint_one_cm":24998,"minecraft:fall_one_cm":2025,"minecraft:total_world_time":72119,"minecraft:fly_one_cm":284414,"minecraft:crouch_one_cm":236,"minecraft:walk_on_water_one_cm":432,"minecraft:sneak_time":87,"minecraft:deaths":2},"minecraft:killed_by":{"minecraft:skeleton":1}},"DataVersion":4440}