{"stats":{"minecraft:killed_by":{"minecraft:skeleton":1},"minecraft:custom":{"minecraft:time_since_rest":21924,"minecraft:walk_one_cm":11527,"minecraft:leave_game":17,"minecraft:damage_taken":240,"minecraft:play_time":72939,"minecraft:damage_dealt":25,"minecraft:jump":128,"minecraft:time_since_death":21883,"minecraft:sprint_one_cm":24998,"minecraft:fall_one_cm":2025,"minecraft:total_world_time":72939,"minecraft:fly_one_cm":284414,"minecraft:crouch_one_cm":236,"minecraft:walk_on_water_one_cm":432,"minecraft:sneak_time":87,"minecraft:deaths":2}},"DataVersion":4440}