{"stats":{"minecraft:used":{"minecraft:iron_axe":63,"minecraft:white_banner":1,"minecraft:diamond_sword":630,"minecraft:cherry_planks":159,"minecraft:potato":691,"minecraft:wheat_seeds":25,"minecraft:glass":334,"minecraft:cherry_pressure_plate":103,"minecraft:short_grass":1,"minecraft:cooked_porkchop":7,"minecraft:crimson_stem":65,"minecraft:stripped_crimson_stem":25,"minecraft:cherry_boat":9,"minecraft:smithing_table":4,"minecraft:spruce_slab":36,"minecraft:diamond_axe":966,"minecraft:cherry_slab":188,"minecraft:stone_pickaxe":231,"minecraft:pointed_dripstone":1,"minecraft:bow":1,"minecraft:cobbled_deepslate_stairs":5,"minecraft:cobbled_deepslate":226,"minecraft:netherrack":165,"minecraft:yellow_bed":4,"minecraft:pink_petals":3,"minecraft:diamond_shovel":5250,"minecraft:stone_shovel":512,"minecraft:bone_meal":71,"minecraft:fletching_table":9,"minecraft:anvil":1,"minecraft:dirt":3152,"minecraft:stripped_spruce_log":72,"minecraft:sand":6,"minecraft:furnace_minecart":9,"minecraft:spruce_planks":379,"minecraft:dispenser":4,"minecraft:crimson_stairs":76,"minecraft:rail":484,"minecraft:shears":224,"minecraft:nether_wart_block":1,"minecraft:lectern":181,"minecraft:bucket":83,"minecraft:powered_rail":33,"minecraft:dripstone_block":1,"minecraft:oak_planks":149,"minecraft:porkchop":1,"minecraft:oak_sapling":5,"minecraft:sugar_cane":51,"minecraft:stone_axe":208,"minecraft:oak_fence":15,"minecraft:observer":11,"minecraft:shield":57,"minecraft:iron_pickaxe":249,"minecraft:spruce_stairs":83,"minecraft:iron_sword":118,"minecraft:golden_carrot":11,"minecraft:cherry_sapling":172,"minecraft:diamond_pickaxe":3266,"minecraft:cooked_mutton":20,"minecraft:bookshelf":1,"minecraft:crimson_planks":126,"minecraft:ladder":29,"minecraft:stone_bricks":32,"minecraft:blast_furnace":1,"minecraft:minecart":12,"minecraft:crimson_slab":24,"minecraft:packed_ice":1,"minecraft:piston":11,"minecraft:lava_bucket":11,"minecraft:cobblestone_wall":127,"minecraft:redstone":10,"minecraft:crimson_roots":3,"minecraft:cobblestone":974,"minecraft:diamond_chestplate":5,"minecraft:stone":2,"minecraft:hopper":4,"minecraft:carrot":247,"minecraft:cherry_stairs":58,"minecraft:crafting_table":22,"minecraft:spruce_sign":72,"minecraft:spruce_trapdoor":24,"minecraft:iron_chestplate":1,"minecraft:white_bed":52,"minecraft:baked_potato":57,"minecraft:cherry_trapdoor":10,"minecraft:spruce_log":69,"minecraft:stone_hoe":194,"minecraft:water_bucket":70,"minecraft:cherry_fence":1,"minecraft:furnace":11,"minecraft:torch":161,"minecraft:bread":7,"minecraft:iron_boots":1,"minecraft:lever":1,"minecraft:cobblestone_slab":1,"minecraft:gravel":65,"minecraft:composter":18,"minecraft:cherry_log":2,"minecraft:cooked_beef":7,"minecraft:flint_and_steel":1,"minecraft:redstone_torch":23,"minecraft:chest":23,"minecraft:iron_helmet":2,"minecraft:cauldron":1,"minecraft:enchanting_table":2,"minecraft:spruce_sapling":58,"minecraft:egg":3,"minecraft:ender_pearl":1},"minecraft:killed_by":{"minecraft:skeleton":2,"minecraft:zombie_villager":1,"minecraft:creeper":1,"minecraft:enderman":1,"minecraft:hoglin":1,"minecraft:iron_golem":2,"minecraft:ghast":1,"minecraft:zombie":4},"minecraft:picked_up":{"minecraft:cobblestone_wall":109,"minecraft:poisonous_potato":6,"minecraft:enchanting_table":1,"minecraft:minecart":25,"minecraft:cobblestone":2497,"minecraft:glass":53,"minecraft:composter":18,"minecraft:flint":14,"minecraft:sugar_cane":271,"minecraft:redstone":59,"minecraft:bone":38,"minecraft:diamond_shovel":4,"minecraft:clay_ball":16,"minecraft:firefly_bush":5,"minecraft:stripped_spruce_log":111,"minecraft:iron_sword":7,"minecraft:diamond":46,"minecraft:white_banner":1,"minecraft:white_terracotta":47,"minecraft:emerald":188,"minecraft:crimson_roots":18,"minecraft:book":7,"minecraft:salmon":17,"minecraft:ink_sac":3,"minecraft:packed_ice":312,"minecraft:cherry_button":64,"minecraft:powered_rail":27,"minecraft:shroomlight":32,"minecraft:charcoal":2,"minecraft:bow":3,"minecraft:stone_shovel":2,"minecraft:arrow":28,"minecraft:iron_ingot":173,"minecraft:observer":1,"minecraft:spruce_slab":43,"minecraft:cherry_stairs":43,"minecraft:hay_block":50,"minecraft:raw_gold":31,"minecraft:dandelion":1,"minecraft:mutton":84,"minecraft:golden_carrot":14,"minecraft:diamond_leggings":2,"minecraft:beetroot":1,"minecraft:spruce_planks":117,"minecraft:dirt":4547,"minecraft:rail":380,"minecraft:stonecutter":1,"minecraft:iron_shovel":5,"minecraft:crimson_stem":510,"minecraft:torch":128,"minecraft:diamond_pickaxe":6,"minecraft:dripstone_block":9,"minecraft:cherry_log":2241,"minecraft:cobblestone_stairs":4,"minecraft:bread":28,"minecraft:spruce_log":513,"minecraft:iron_boots":5,"minecraft:oak_stairs":128,"minecraft:coal":280,"minecraft:oak_log":153,"minecraft:oak_fence":22,"minecraft:birch_planks":112,"minecraft:sand":409,"minecraft:furnace":9,"minecraft:oak_door":4,"minecraft:wheat_seeds":169,"minecraft:cherry_leaves":193,"minecraft:iron_pickaxe":1,"minecraft:weeping_vines":3,"minecraft:quartz":94,"minecraft:egg":3,"minecraft:iron_leggings":1,"minecraft:diamond_sword":7,"minecraft:hopper":2,"minecraft:poppy":34,"minecraft:stone_hoe":1,"minecraft:cooked_beef":12,"minecraft:white_wool":139,"minecraft:fletching_table":7,"minecraft:beetroot_seeds":3,"minecraft:ender_pearl":2,"minecraft:string":36,"minecraft:smithing_table":3,"minecraft:stone_bricks":19,"minecraft:copper_ingot":3,"minecraft:obsidian":10,"minecraft:leather_boots":1,"minecraft:nether_wart_block":17,"minecraft:ladder":16,"minecraft:iron_helmet":5,"minecraft:diamond_axe":7,"minecraft:carrot":272,"minecraft:spruce_sapling":58,"minecraft:furnace_minecart":10,"minecraft:stripped_crimson_stem":26,"minecraft:white_bed":42,"minecraft:leather":22,"minecraft:cherry_fence":1,"minecraft:gold_nugget":107,"minecraft:lead":2,"minecraft:water_bucket":6,"minecraft:stone_pickaxe":7,"minecraft:stripped_cherry_log":1,"minecraft:baked_potato":30,"minecraft:porkchop":20,"minecraft:spruce_sign":41,"minecraft:oak_trapdoor":6,"minecraft:stick":594,"minecraft:redstone_torch":19,"minecraft:golden_chestplate":3,"minecraft:crimson_stairs":4,"minecraft:cooked_porkchop":37,"minecraft:iron_axe":3,"minecraft:cauldron":2,"minecraft:raw_iron":76,"minecraft:cobbled_deepslate":257,"minecraft:diamond_chestplate":7,"minecraft:pointed_dripstone":9,"minecraft:glowstone_dust":8,"minecraft:stone_axe":7,"minecraft:mossy_cobblestone":9,"minecraft:wheat":11,"minecraft:leather_helmet":1,"minecraft:cherry_boat":12,"minecraft:cherry_planks":369,"minecraft:cherry_slab":70,"minecraft:gunpowder":11,"minecraft:chest":8,"minecraft:lectern":180,"minecraft:pink_petals":9,"minecraft:spruce_trapdoor":12,"minecraft:yellow_bed":4,"minecraft:netherrack":1024,"minecraft:crimson_planks":13,"minecraft:stone":2,"minecraft:short_grass":1,"minecraft:gravel":113,"minecraft:bell":2,"minecraft:potato":1389,"minecraft:birch_log":7,"minecraft:terracotta":2,"minecraft:shield":6,"minecraft:lapis_lazuli":36,"minecraft:piston":1,"minecraft:spider_eye":8,"minecraft:spruce_stairs":58,"minecraft:bone_meal":23,"minecraft:ominous_bottle":1,"minecraft:diorite":42,"minecraft:wooden_pickaxe":1,"minecraft:cherry_sapling":535,"minecraft:oak_planks":901,"minecraft:golden_helmet":1,"minecraft:crafting_table":24,"minecraft:cherry_pressure_plate":38,"minecraft:raw_copper":86,"minecraft:oak_sapling":13,"minecraft:dispenser":3,"minecraft:bundle":4,"minecraft:beef":7,"minecraft:rotten_flesh":121,"minecraft:apple":32,"minecraft:cherry_trapdoor":6,"minecraft:paper":30},"minecraft:mined":{"minecraft:torch":32,"minecraft:dispenser":3,"minecraft:spruce_log":3,"minecraft:nether_quartz_ore":70,"minecraft:chest":8,"minecraft:netherrack":635,"minecraft:white_terracotta":47,"minecraft:spruce_sapling":4,"minecraft:weeping_vines_plant":9,"minecraft:cherry_trapdoor":6,"minecraft:spruce_planks":61,"minecraft:obsidian":11,"minecraft:farmland":28,"minecraft:redstone_torch":9,"minecraft:piston":1,"minecraft:stripped_spruce_log":25,"minecraft:nether_wart_block":5,"minecraft:wall_torch":27,"minecraft:yellow_bed":4,"minecraft:fire":4,"minecraft:smithing_table":3,"minecraft:deepslate_diamond_ore":46,"minecraft:potatoes":501,"minecraft:dripstone_block":9,"minecraft:oak_sapling":1,"minecraft:iron_ore":68,"minecraft:beetroots":1,"minecraft:glass_pane":7,"minecraft:podzol":3,"minecraft:spruce_wall_sign":25,"minecraft:glass":70,"minecraft:oak_planks":68,"minecraft:cobblestone":391,"minecraft:sugar_cane":156,"minecraft:shroomlight":17,"minecraft:cherry_leaves":203,"minecraft:oak_leaves":6,"minecraft:furnace":7,"minecraft:clay":4,"minecraft:spruce_stairs":53,"minecraft:fletching_table":6,"minecraft:powered_rail":20,"minecraft:crimson_roots":7,"minecraft:tall_grass":32,"minecraft:pointed_dripstone":1,"minecraft:emerald_ore":1,"minecraft:tall_seagrass":1,"minecraft:rail":294,"minecraft:crimson_stairs":4,"minecraft:cobblestone_wall":22,"minecraft:dirt":2535,"minecraft:hopper":2,"minecraft:pink_petals":1,"minecraft:ladder":10,"minecraft:deepslate":275,"minecraft:sand":414,"minecraft:cherry_planks":91,"minecraft:cherry_slab":64,"minecraft:stonecutter":1,"minecraft:oak_log":1,"minecraft:cherry_log":1,"minecraft:lava_cauldron":2,"minecraft:terracotta":2,"minecraft:carrots":77,"minecraft:lectern":176,"minecraft:gravel":146,"minecraft:short_grass":294,"minecraft:weeping_vines":1,"minecraft:dirt_path":315,"minecraft:crafting_table":19,"minecraft:deepslate_redstone_ore":13,"minecraft:redstone_wall_torch":9,"minecraft:copper_ore":8,"minecraft:firefly_bush":3,"minecraft:andesite":1,"minecraft:packed_ice":157,"minecraft:cherry_pressure_plate":40,"minecraft:deepslate_gold_ore":31,"minecraft:poppy":3,"minecraft:deepslate_lapis_ore":6,"minecraft:deepslate_iron_ore":8,"minecraft:stone":1337,"minecraft:stripped_crimson_stem":1,"minecraft:stone_bricks":7,"minecraft:cobblestone_stairs":4,"minecraft:bush":3,"minecraft:crimson_stem":3,"minecraft:coal_ore":93,"minecraft:diorite":44,"minecraft:wheat":30,"minecraft:cherry_stairs":44,"minecraft:hay_block":10,"minecraft:spruce_trapdoor":10,"minecraft:oak_trapdoor":6,"minecraft:white_bed":36,"minecraft:cherry_sapling":4,"minecraft:composter":18,"minecraft:bookshelf":1,"minecraft:crimson_nylium":21,"minecraft:enchanting_table":1,"minecraft:oak_stairs":131,"minecraft:mossy_cobblestone":9,"minecraft:observer":1,"minecraft:grass_block":1916,"minecraft:spruce_leaves":18,"minecraft:cobbled_deepslate":17,"minecraft:white_wool":20,"minecraft:tuff":14,"minecraft:nether_gold_ore":13,"minecraft:spruce_slab":26,"minecraft:bell":1,"minecraft:crimson_planks":13},"minecraft:broken":{"minecraft:iron_helmet":1,"minecraft:stone_shovel":3,"minecraft:iron_axe":1,"minecraft:shield":1,"minecraft:stone_hoe":1,"minecraft:stone_axe":2,"minecraft:iron_pickaxe":1,"minecraft:stone_pickaxe":2,"minecraft:shears":1,"minecraft:iron_boots":1},"minecraft:dropped":{"minecraft:iron_axe":11,"minecraft:iron_shovel":5,"minecraft:oak_planks":53,"minecraft:mossy_cobblestone":8,"minecraft:wheat":1,"minecraft:lead":3,"minecraft:crimson_roots":3,"minecraft:gravel":6,"minecraft:cobbled_deepslate":4,"minecraft:bone":2,"minecraft:glass":40,"minecraft:poppy":12,"minecraft:wheat_seeds":28,"minecraft:iron_ingot":63,"minecraft:stone_pickaxe":13,"minecraft:spruce_slab":1,"minecraft:cherry_planks":70,"minecraft:minecart":1,"minecraft:copper_ingot":3,"minecraft:oak_log":1,"minecraft:golden_carrot":11,"minecraft:cherry_trapdoor":1,"minecraft:diamond_pickaxe":1,"minecraft:dandelion":1,"minecraft:hopper":1,"minecraft:string":19,"minecraft:iron_leggings":1,"minecraft:clay_ball":16,"minecraft:stick":14,"minecraft:arrow":10,"minecraft:carrot":6,"minecraft:bell":2,"minecraft:white_bed":5,"minecraft:gunpowder":1,"minecraft:white_terracotta":47,"minecraft:spider_eye":3,"minecraft:iron_boots":1,"minecraft:iron_pickaxe":1,"minecraft:oak_door":4,"minecraft:ladder":4,"minecraft:dark_oak_log":5,"minecraft:leather_helmet":1,"minecraft:rotten_flesh":18,"minecraft:cobblestone":15,"minecraft:cherry_boat":2,"minecraft:iron_helmet":1,"minecraft:leather_boots":1,"minecraft:cobblestone_stairs":3,"minecraft:cherry_sapling":5,"minecraft:diamond_axe":1,"minecraft:white_wool":33,"minecraft:dirt":86,"minecraft:raw_copper":9,"minecraft:golden_chestplate":1,"minecraft:cherry_slab":8,"minecraft:oak_fence":6,"minecraft:emerald":1,"minecraft:coal":2,"minecraft:potato":588,"minecraft:bone_meal":2,"minecraft:cherry_leaves":193,"minecraft:poisonous_potato":4,"minecraft:wooden_pickaxe":1,"minecraft:oak_stairs":112,"minecraft:iron_sword":1,"minecraft:oak_trapdoor":6,"minecraft:gold_nugget":2,"minecraft:salmon":17,"minecraft:golden_helmet":1,"minecraft:terracotta":2},"minecraft:custom":{"minecraft:time_since_rest":9460,"minecraft:talked_to_villager":399,"minecraft:leave_game":15,"minecraft:damage_taken":11152,"minecraft:mob_kills":214,"minecraft:boat_one_cm":233088,"minecraft:time_since_death":85145,"minecraft:interact_with_furnace":168,"minecraft:sleep_in_bed":67,"minecraft:inspect_dispenser":15,"minecraft:swim_one_cm":249300,"minecraft:total_world_time":1144966,"minecraft:crouch_one_cm":522055,"minecraft:climb_one_cm":47250,"minecraft:deaths":13,"minecraft:animals_bred":9,"minecraft:minecart_one_cm":953,"minecraft:traded_with_villager":591,"minecraft:damage_blocked_by_shield":6012,"minecraft:interact_with_crafting_table":191,"minecraft:walk_one_cm":2528465,"minecraft:walk_under_water_one_cm":71774,"minecraft:damage_dealt":50082,"minecraft:play_time":1144966,"minecraft:jump":14639,"minecraft:drop":365,"minecraft:bell_ring":2,"minecraft:open_barrel":13,"minecraft:sprint_one_cm":2189754,"minecraft:open_chest":511,"minecraft:inspect_hopper":13,"minecraft:fall_one_cm":291645,"minecraft:fly_one_cm":2347242,"minecraft:interact_with_anvil":13,"minecraft:walk_on_water_one_cm":168385,"minecraft:sneak_time":247059,"minecraft:interact_with_blast_furnace":8},"minecraft:crafted":{"minecraft:smithing_table":2,"minecraft:powered_rail":6,"minecraft:cherry_boat":5,"minecraft:gold_ingot":31,"minecraft:book":31,"minecraft:iron_chestplate":1,"minecraft:crimson_planks":248,"minecraft:stick":17153,"minecraft:lever":1,"minecraft:minecart":11,"minecraft:crimson_stairs":76,"minecraft:cooked_porkchop":18,"minecraft:stone_bricks":28,"minecraft:cherry_slab":168,"minecraft:iron_helmet":9,"minecraft:diamond_axe":2,"minecraft:iron_block":3,"minecraft:diamond_pickaxe":2,"minecraft:chest":18,"minecraft:bookshelf":8,"minecraft:cobblestone_wall":162,"minecraft:air":0,"minecraft:bow":2,"minecraft:bucket":2,"minecraft:flint_and_steel":1,"minecraft:bone_meal":51,"minecraft:cherry_fence":3,"minecraft:ladder":24,"minecraft:cauldron":1,"minecraft:stone_hoe":2,"minecraft:dispenser":1,"minecraft:diamond_shovel":3,"minecraft:glass":330,"minecraft:cobblestone_slab":6,"minecraft:redstone_torch":4,"minecraft:oak_planks":608,"minecraft:gold_nugget":144,"minecraft:cherry_pressure_plate":85,"minecraft:enchanting_table":1,"minecraft:cobbled_deepslate_stairs":8,"minecraft:rail":272,"minecraft:shears":1,"minecraft:stone_shovel":4,"minecraft:birch_planks":28,"minecraft:hopper":3,"minecraft:cherry_stairs":28,"minecraft:stone_pickaxe":14,"minecraft:cooked_mutton":20,"minecraft:iron_boots":3,"minecraft:anvil":1,"minecraft:white_wool":4,"minecraft:crimson_slab":42,"minecraft:spruce_slab":36,"minecraft:charcoal":12,"minecraft:cooked_beef":7,"minecraft:golden_carrot":22,"minecraft:fletching_table":3,"minecraft:spruce_sign":36,"minecraft:cherry_planks":7764,"minecraft:composter":2,"minecraft:diamond_chestplate":1,"minecraft:diamond_sword":1,"minecraft:iron_nugget":6,"minecraft:emerald":549,"minecraft:wheat":90,"minecraft:cherry_trapdoor":8,"minecraft:paper":117,"minecraft:furnace":5,"minecraft:spruce_trapdoor":16,"minecraft:iron_ingot":86,"minecraft:bread":30,"minecraft:stone":55,"minecraft:crafting_table":3,"minecraft:diamond_leggings":1,"minecraft:torch":68,"minecraft:white_bed":16,"minecraft:enchanted_book":10,"minecraft:spruce_stairs":72,"minecraft:baked_potato":73,"minecraft:shield":1,"minecraft:stone_axe":4,"minecraft:observer":10,"minecraft:lectern":7,"minecraft:spruce_planks":1832,"minecraft:iron_pickaxe":1,"minecraft:iron_axe":9,"minecraft:iron_leggings":1,"minecraft:piston":10},"minecraft:killed":{"minecraft:pillager":8,"minecraft:skeleton":16,"minecraft:iron_golem":17,"minecraft:pig":11,"minecraft:piglin":5,"minecraft:villager":9,"minecraft:spider":16,"minecraft:salmon":6,"minecraft:horse":5,"minecraft:zombie":76,"minecraft:creeper":4,"minecraft:zombie_villager":3,"minecraft:chicken":1,"minecraft:hoglin":1,"minecraft:sheep":13,"minecraft:drowned":9,"minecraft:cow":11}},"DataVersion":4440}