{"stats":{"minecraft:dropped":{"minecraft:rotten_flesh":3,"minecraft:filled_map":2,"minecraft:minecart":2,"minecraft:crying_obsidian":1,"minecraft:diamond_pickaxe":2,"minecraft:crimson_roots":6,"minecraft:string":1,"minecraft:bone":1,"minecraft:polished_blackstone_bricks":1,"minecraft:crimson_nylium":49,"minecraft:dirt":66,"minecraft:poppy":2,"minecraft:arrow":2,"minecraft:crimson_fungus":5,"minecraft:carrot":9,"minecraft:bread":5,"minecraft:netherrack":434,"minecraft:emerald":42,"minecraft:rail":9,"minecraft:baked_potato":6,"minecraft:polished_blackstone_brick_stairs":1},"minecraft:used":{"minecraft:cherry_button":1,"minecraft:baked_potato":54,"minecraft:netherrack":665,"minecraft:white_banner":1,"minecraft:diamond_sword":267,"minecraft:diamond_shovel":119,"minecraft:cherry_planks":11,"minecraft:wheat_seeds":27,"minecraft:nether_quartz_ore":32,"minecraft:water_bucket":2,"minecraft:glass_bottle":3,"minecraft:bone_meal":1,"minecraft:diamond_pickaxe":3029,"minecraft:bookshelf":3,"minecraft:fletching_table":5,"minecraft:anvil":3,"minecraft:torch":2,"minecraft:magma_block":1,"minecraft:dirt":16,"minecraft:obsidian":8,"minecraft:minecart":3,"minecraft:brewing_stand":4,"minecraft:cherry_boat":1,"minecraft:crimson_roots":1,"minecraft:rail":20,"minecraft:diamond_chestplate":1,"minecraft:hopper":1,"minecraft:grindstone":4,"minecraft:diamond_axe":111,"minecraft:flint_and_steel":1,"minecraft:bucket":4,"minecraft:nether_gold_ore":20,"minecraft:cherry_slab":2,"minecraft:chest":3,"minecraft:cauldron":2,"minecraft:spruce_sapling":76},"minecraft:mined":{"minecraft:cherry_log":1,"minecraft:glass_pane":1,"minecraft:nether_quartz_ore":44,"minecraft:chest":1,"minecraft:podzol":6,"minecraft:netherrack":2710,"minecraft:polished_blackstone_brick_stairs":1,"minecraft:coal_ore":6,"minecraft:wheat":27,"minecraft:ancient_debris":1,"minecraft:oak_planks":37,"minecraft:carrots":3,"minecraft:short_grass":7,"minecraft:weeping_vines_plant":6,"minecraft:weeping_vines":3,"minecraft:brown_mushroom":18,"minecraft:cherry_leaves":11,"minecraft:brewing_stand":2,"minecraft:fletching_table":3,"minecraft:sweet_berry_bush":7,"minecraft:bookshelf":3,"minecraft:magma_block":44,"minecraft:obsidian":11,"minecraft:crimson_nylium":141,"minecraft:crimson_roots":16,"minecraft:crying_obsidian":2,"minecraft:polished_blackstone_bricks":1,"minecraft:grindstone":2,"minecraft:rail":22,"minecraft:oak_stairs":44,"minecraft:dirt":11,"minecraft:nether_wart_block":2,"minecraft:hopper":1,"minecraft:grass_block":6,"minecraft:spruce_leaves":8,"minecraft:gold_block":1,"minecraft:fern":1,"minecraft:nether_gold_ore":32,"minecraft:sand":98,"minecraft:cherry_planks":1},"minecraft:custom":{"minecraft:time_since_rest":18576,"minecraft:talked_to_villager":135,"minecraft:leave_game":3,"minecraft:damage_taken":1434,"minecraft:mob_kills":58,"minecraft:boat_one_cm":21511,"minecraft:time_since_death":162607,"minecraft:interact_with_brewingstand":3,"minecraft:interact_with_furnace":26,"minecraft:sleep_in_bed":9,"minecraft:swim_one_cm":23100,"minecraft:total_world_time":237338,"minecraft:crouch_one_cm":136923,"minecraft:deaths":1,"minecraft:climb_one_cm":6774,"minecraft:animals_bred":9,"minecraft:traded_with_villager":321,"minecraft:interact_with_crafting_table":14,"minecraft:walk_one_cm":371060,"minecraft:walk_under_water_one_cm":1087,"minecraft:damage_dealt":15893,"minecraft:play_time":237338,"minecraft:jump":3645,"minecraft:drop":39,"minecraft:use_cauldron":2,"minecraft:open_barrel":22,"minecraft:sprint_one_cm":654537,"minecraft:open_chest":188,"minecraft:inspect_hopper":3,"minecraft:fall_one_cm":54655,"minecraft:fly_one_cm":805169,"minecraft:interact_with_anvil":17,"minecraft:walk_on_water_one_cm":6646,"minecraft:sneak_time":63523,"minecraft:interact_with_grindstone":4},"minecraft:picked_up":{"minecraft:diamond_axe":1,"minecraft:sweet_berries":19,"minecraft:carrot":9,"minecraft:spruce_sapling":89,"minecraft:brewing_stand":3,"minecraft:shears":1,"minecraft:minecart":5,"minecraft:leather":5,"minecraft:bone":7,"minecraft:redstone":11,"minecraft:gold_nugget":193,"minecraft:brown_mushroom":18,"minecraft:diamond_shovel":2,"minecraft:baked_potato":24,"minecraft:white_banner":1,"minecraft:emerald":41,"minecraft:crimson_roots":14,"minecraft:sugar":4,"minecraft:book":9,"minecraft:porkchop":38,"minecraft:crimson_fungus":7,"minecraft:stick":61,"minecraft:cherry_button":1,"minecraft:diamond_boots":1,"minecraft:gold_block":1,"minecraft:nether_quartz_ore":9,"minecraft:arrow":11,"minecraft:iron_ingot":9,"minecraft:grindstone":2,"minecraft:diamond_chestplate":1,"minecraft:polished_blackstone_brick_stairs":1,"minecraft:glowstone_dust":1,"minecraft:wheat":27,"minecraft:cherry_boat":1,"minecraft:cherry_planks":54,"minecraft:gunpowder":6,"minecraft:chest":1,"minecraft:nether_gold_ore":10,"minecraft:diamond_leggings":1,"minecraft:crying_obsidian":2,"minecraft:spruce_planks":12,"minecraft:netherrack":2043,"minecraft:dirt":19,"minecraft:polished_blackstone_bricks":1,"minecraft:rail":22,"minecraft:magma_block":35,"minecraft:crimson_nylium":146,"minecraft:diamond_helmet":1,"minecraft:iron_shovel":1,"minecraft:crimson_stem":6,"minecraft:torch":2,"minecraft:diamond_pickaxe":3,"minecraft:cherry_log":2,"minecraft:bread":5,"minecraft:spruce_log":1038,"minecraft:oak_stairs":44,"minecraft:coal":18,"minecraft:sand":93,"minecraft:wheat_seeds":72,"minecraft:spider_eye":1,"minecraft:weeping_vines":4,"minecraft:quartz":70,"minecraft:diamond_sword":1,"minecraft:ominous_bottle":1,"minecraft:hopper":1,"minecraft:poppy":4,"minecraft:cherry_sapling":2,"minecraft:oak_planks":37,"minecraft:fletching_table":3,"minecraft:rotten_flesh":8,"minecraft:beef":5,"minecraft:ancient_debris":1,"minecraft:ender_pearl":4,"minecraft:string":3,"minecraft:obsidian":11,"minecraft:filled_map":1},"minecraft:killed":{"minecraft:zombie":7,"minecraft:pillager":7,"minecraft:skeleton":9,"minecraft:creeper":2,"minecraft:enderman":2,"minecraft:hoglin":16,"minecraft:iron_golem":2,"minecraft:cow":2,"minecraft:witch":1,"minecraft:piglin":5,"minecraft:villager":1,"minecraft:spider":2},"minecraft:crafted":{"minecraft:diamond_boots":1,"minecraft:anvil":3,"minecraft:stick":8143,"minecraft:charcoal":2,"minecraft:fletching_table":2,"minecraft:minecart":1,"minecraft:iron_block":9,"minecraft:diamond_pickaxe":2,"minecraft:chest":2,"minecraft:bookshelf":3,"minecraft:fermented_spider_eye":6,"minecraft:stone_slab":6,"minecraft:diamond_chestplate":2,"minecraft:air":0,"minecraft:bow":1,"minecraft:emerald":299,"minecraft:redstone":8,"minecraft:grindstone":1,"minecraft:glass_bottle":3,"minecraft:diamond_shovel":1,"minecraft:diamond_helmet":1,"minecraft:glass":60,"minecraft:diamond_leggings":1,"minecraft:enchanted_book":6,"minecraft:baked_potato":85,"minecraft:spruce_planks":4152,"minecraft:sugar":6}},"DataVersion":4440}