{"stats":{"minecraft:used":{"minecraft:cherry_button":1,"minecraft:baked_potato":83,"minecraft:iron_leggings":1,"minecraft:netherrack":665,"minecraft:white_banner":1,"minecraft:diamond_sword":445,"minecraft:diamond_shovel":148,"minecraft:cherry_planks":11,"minecraft:wheat_seeds":27,"minecraft:nether_quartz_ore":32,"minecraft:water_bucket":4,"minecraft:glass_bottle":3,"minecraft:bone_meal":1,"minecraft:diamond_pickaxe":3168,"minecraft:bookshelf":3,"minecraft:fletching_table":5,"minecraft:anvil":3,"minecraft:crossbow":1,"minecraft:dark_oak_fence":4,"minecraft:torch":2,"minecraft:magma_block":1,"minecraft:dirt":32,"minecraft:obsidian":8,"minecraft:minecart":3,"minecraft:brewing_stand":4,"minecraft:copper_ore":40,"minecraft:ominous_bottle":1,"minecraft:cherry_boat":3,"minecraft:coal_ore":24,"minecraft:crimson_stairs":2,"minecraft:crimson_roots":1,"minecraft:rail":22,"minecraft:diamond_chestplate":1,"minecraft:hopper":1,"minecraft:grindstone":4,"minecraft:diamond_axe":126,"minecraft:flint_and_steel":1,"minecraft:bucket":6,"minecraft:nether_gold_ore":20,"minecraft:cherry_slab":2,"minecraft:chest":3,"minecraft:iron_chestplate":1,"minecraft:cauldron":2,"minecraft:spruce_sapling":76,"minecraft:white_bed":2,"minecraft:ender_pearl":1,"minecraft:bow":221},"minecraft:dropped":{"minecraft:rotten_flesh":7,"minecraft:iron_chestplate":1,"minecraft:crimson_roots":6,"minecraft:lead":3,"minecraft:bone":1,"minecraft:dirt":70,"minecraft:poppy":2,"minecraft:glowstone":50,"minecraft:wheat_seeds":2,"minecraft:ominous_bottle":1,"minecraft:sand":4,"minecraft:dark_oak_fence":2,"minecraft:emerald":42,"minecraft:rail":9,"minecraft:crossbow":5,"minecraft:filled_map":2,"minecraft:minecart":2,"minecraft:light_gray_wool":2,"minecraft:crying_obsidian":1,"minecraft:diamond_pickaxe":2,"minecraft:string":4,"minecraft:polished_blackstone_bricks":1,"minecraft:iron_leggings":1,"minecraft:crimson_nylium":49,"minecraft:arrow":2,"minecraft:crimson_fungus":5,"minecraft:carrot":9,"minecraft:bread":5,"minecraft:netherrack":434,"minecraft:mutton":6,"minecraft:dark_oak_log":3,"minecraft:baked_potato":6,"minecraft:polished_blackstone_brick_stairs":1},"minecraft:mined":{"minecraft:cherry_log":1,"minecraft:glass_pane":1,"minecraft:nether_quartz_ore":44,"minecraft:chest":1,"minecraft:podzol":6,"minecraft:netherrack":2710,"minecraft:polished_blackstone_brick_stairs":1,"minecraft:coal_ore":54,"minecraft:wheat":27,"minecraft:ancient_debris":1,"minecraft:oak_planks":37,"minecraft:carrots":3,"minecraft:white_bed":1,"minecraft:short_grass":21,"minecraft:weeping_vines_plant":6,"minecraft:weeping_vines":3,"minecraft:brown_mushroom":18,"minecraft:cherry_leaves":11,"minecraft:brewing_stand":2,"minecraft:fletching_table":3,"minecraft:sweet_berry_bush":7,"minecraft:bookshelf":3,"minecraft:magma_block":44,"minecraft:obsidian":11,"minecraft:crimson_nylium":141,"minecraft:crimson_roots":16,"minecraft:copper_ore":80,"minecraft:dark_oak_fence":4,"minecraft:crying_obsidian":2,"minecraft:tall_grass":3,"minecraft:polished_blackstone_bricks":1,"minecraft:crimson_stairs":2,"minecraft:grindstone":2,"minecraft:rail":24,"minecraft:oak_stairs":44,"minecraft:dirt":19,"minecraft:nether_wart_block":2,"minecraft:hopper":1,"minecraft:grass_block":26,"minecraft:spruce_leaves":8,"minecraft:gold_block":1,"minecraft:carved_pumpkin":8,"minecraft:fern":1,"minecraft:nether_gold_ore":32,"minecraft:sand":100,"minecraft:cherry_planks":1,"minecraft:stone":7},"minecraft:custom":{"minecraft:time_since_rest":37869,"minecraft:talked_to_villager":148,"minecraft:leave_game":4,"minecraft:damage_taken":2944,"minecraft:mob_kills":161,"minecraft:boat_one_cm":88855,"minecraft:time_since_death":37835,"minecraft:interact_with_brewingstand":3,"minecraft:interact_with_furnace":31,"minecraft:sleep_in_bed":10,"minecraft:inspect_dispenser":1,"minecraft:swim_one_cm":33206,"minecraft:total_world_time":299670,"minecraft:crouch_one_cm":143574,"minecraft:deaths":3,"minecraft:climb_one_cm":7917,"minecraft:animals_bred":9,"minecraft:traded_with_villager":380,"minecraft:interact_with_crafting_table":15,"minecraft:walk_one_cm":508032,"minecraft:walk_under_water_one_cm":2592,"minecraft:damage_dealt":28901,"minecraft:play_time":299670,"minecraft:jump":5310,"minecraft:drop":99,"minecraft:use_cauldron":2,"minecraft:open_barrel":23,"minecraft:sprint_one_cm":865216,"minecraft:open_chest":208,"minecraft:inspect_hopper":3,"minecraft:fall_one_cm":86096,"minecraft:fly_one_cm":1116495,"minecraft:interact_with_anvil":20,"minecraft:walk_on_water_one_cm":21836,"minecraft:sneak_time":70360,"minecraft:raid_trigger":1,"minecraft:interact_with_blast_furnace":1,"minecraft:interact_with_grindstone":4},"minecraft:picked_up":{"minecraft:coal_ore":24,"minecraft:diamond_axe":3,"minecraft:sweet_berries":19,"minecraft:carrot":9,"minecraft:spruce_sapling":89,"minecraft:brewing_stand":3,"minecraft:shears":3,"minecraft:minecart":6,"minecraft:glowstone":25,"minecraft:white_bed":1,"minecraft:leather":5,"minecraft:bone":7,"minecraft:redstone":11,"minecraft:gold_nugget":193,"minecraft:lead":3,"minecraft:brown_mushroom":18,"minecraft:water_bucket":2,"minecraft:diamond_shovel":4,"minecraft:baked_potato":80,"minecraft:white_banner":6,"minecraft:emerald":121,"minecraft:crimson_roots":14,"minecraft:sugar":4,"minecraft:book":13,"minecraft:carved_pumpkin":8,"minecraft:porkchop":38,"minecraft:copper_ore":40,"minecraft:crimson_fungus":7,"minecraft:stick":61,"minecraft:dark_oak_fence":6,"minecraft:cherry_button":1,"minecraft:diamond_boots":3,"minecraft:gold_block":1,"minecraft:crimson_stairs":2,"minecraft:nether_quartz_ore":9,"minecraft:bow":1,"minecraft:arrow":17,"minecraft:iron_ingot":21,"minecraft:grindstone":2,"minecraft:diamond_chestplate":3,"minecraft:crossbow":5,"minecraft:polished_blackstone_brick_stairs":1,"minecraft:glowstone_dust":1,"minecraft:wheat":27,"minecraft:cherry_boat":3,"minecraft:cherry_planks":54,"minecraft:mutton":6,"minecraft:gunpowder":10,"minecraft:chest":1,"minecraft:nether_gold_ore":10,"minecraft:diamond_leggings":3,"minecraft:crying_obsidian":2,"minecraft:spruce_planks":12,"minecraft:netherrack":2165,"minecraft:dirt":39,"minecraft:polished_blackstone_bricks":1,"minecraft:rail":24,"minecraft:magma_block":35,"minecraft:crimson_nylium":146,"minecraft:diamond_helmet":3,"minecraft:stone":7,"minecraft:iron_shovel":1,"minecraft:crimson_stem":6,"minecraft:light_gray_wool":2,"minecraft:torch":2,"minecraft:diamond_pickaxe":7,"minecraft:cherry_log":2,"minecraft:bread":5,"minecraft:spruce_log":1119,"minecraft:oak_stairs":44,"minecraft:coal":71,"minecraft:oak_log":4,"minecraft:sand":97,"minecraft:wheat_seeds":74,"minecraft:spider_eye":1,"minecraft:weeping_vines":4,"minecraft:dark_oak_log":3,"minecraft:quartz":70,"minecraft:diamond_sword":3,"minecraft:ominous_bottle":7,"minecraft:hopper":1,"minecraft:poppy":4,"minecraft:white_wool":3,"minecraft:cherry_sapling":2,"minecraft:oak_planks":37,"minecraft:fletching_table":3,"minecraft:flint_and_steel":2,"minecraft:raw_copper":326,"minecraft:rotten_flesh":16,"minecraft:beef":5,"minecraft:ancient_debris":1,"minecraft:ender_pearl":12,"minecraft:string":3,"minecraft:obsidian":11,"minecraft:filled_map":1},"minecraft:killed":{"minecraft:pillager":70,"minecraft:skeleton":12,"minecraft:iron_golem":3,"minecraft:witch":1,"minecraft:piglin":5,"minecraft:villager":1,"minecraft:spider":4,"minecraft:salmon":2,"minecraft:zombie":16,"minecraft:trader_llama":1,"minecraft:creeper":8,"minecraft:zombie_villager":2,"minecraft:enderman":3,"minecraft:sheep":4,"minecraft:hoglin":16,"minecraft:cow":2},"minecraft:killed_by":{"minecraft:enderman":2},"minecraft:crafted":{"minecraft:diamond_boots":1,"minecraft:anvil":3,"minecraft:stick":9091,"minecraft:charcoal":2,"minecraft:fletching_table":2,"minecraft:minecart":1,"minecraft:iron_block":9,"minecraft:diamond_pickaxe":2,"minecraft:chest":2,"minecraft:bookshelf":3,"minecraft:fermented_spider_eye":6,"minecraft:stone_slab":6,"minecraft:diamond_chestplate":2,"minecraft:air":0,"minecraft:bow":2,"minecraft:emerald":357,"minecraft:redstone":8,"minecraft:grindstone":1,"minecraft:glass_bottle":3,"minecraft:diamond_shovel":1,"minecraft:diamond_helmet":1,"minecraft:glass":60,"minecraft:diamond_leggings":1,"minecraft:white_bed":1,"minecraft:enchanted_book":6,"minecraft:baked_potato":115,"minecraft:oak_planks":16,"minecraft:spruce_planks":4476,"minecraft:sugar":6}},"DataVersion":4440}