{"stats":{"minecraft:used":{"minecraft:repeater":10,"minecraft:white_banner":7,"minecraft:diamond_sword":609,"minecraft:cherry_planks":11,"minecraft:wheat_seeds":27,"minecraft:glass_bottle":3,"minecraft:diamond_pickaxe":3278,"minecraft:bookshelf":3,"minecraft:glass":8,"minecraft:crossbow":1,"minecraft:dark_oak_fence":4,"minecraft:magma_block":1,"minecraft:blast_furnace":23,"minecraft:minecart":3,"minecraft:brewing_stand":4,"minecraft:copper_ore":40,"minecraft:ominous_bottle":1,"minecraft:cherry_boat":3,"minecraft:redstone":21,"minecraft:diamond_leggings":2,"minecraft:coal_ore":24,"minecraft:crafter":5,"minecraft:crimson_roots":1,"minecraft:diamond_chestplate":3,"minecraft:stone":11,"minecraft:hopper":5,"minecraft:grindstone":4,"minecraft:diamond_axe":141,"minecraft:nether_gold_ore":20,"minecraft:cherry_slab":3,"minecraft:poppy":2,"minecraft:iron_chestplate":1,"minecraft:white_bed":3,"minecraft:bow":465,"minecraft:cherry_button":1,"minecraft:baked_potato":123,"minecraft:iron_leggings":1,"minecraft:netherrack":665,"minecraft:diamond_shovel":148,"minecraft:nether_quartz_ore":32,"minecraft:pumpkin":1,"minecraft:water_bucket":10,"minecraft:bone_meal":77,"minecraft:fletching_table":6,"minecraft:anvil":3,"minecraft:torch":17,"minecraft:dirt":415,"minecraft:obsidian":8,"minecraft:spruce_button":1,"minecraft:gravel":10,"minecraft:crimson_stairs":2,"minecraft:rail":33,"minecraft:shears":1,"minecraft:comparator":3,"minecraft:redstone_torch":4,"minecraft:flint_and_steel":3,"minecraft:bucket":13,"minecraft:chest":12,"minecraft:carved_pumpkin":1,"minecraft:cauldron":2,"minecraft:oak_planks":1,"minecraft:spruce_sapling":125,"minecraft:ender_pearl":4},"minecraft:crafted":{"minecraft:diamond_boots":1,"minecraft:comparator":2,"minecraft:hopper":3,"minecraft:anvil":3,"minecraft:stick":9091,"minecraft:smooth_stone":21,"minecraft:charcoal":2,"minecraft:fletching_table":9,"minecraft:minecart":5,"minecraft:iron_block":9,"minecraft:diamond_pickaxe":2,"minecraft:chest":13,"minecraft:bookshelf":3,"minecraft:fermented_spider_eye":6,"minecraft:stone_slab":6,"minecraft:diamond_chestplate":2,"minecraft:air":0,"minecraft:bow":2,"minecraft:emerald":385,"minecraft:repeater":2,"minecraft:redstone":8,"minecraft:bone_meal":135,"minecraft:furnace":6,"minecraft:grindstone":1,"minecraft:glass_bottle":3,"minecraft:diamond_shovel":1,"minecraft:crafter":2,"minecraft:diamond_helmet":1,"minecraft:glass":121,"minecraft:blast_furnace":7,"minecraft:crafting_table":2,"minecraft:redstone_torch":7,"minecraft:diamond_leggings":2,"minecraft:torch":20,"minecraft:white_bed":1,"minecraft:enchanted_book":6,"minecraft:baked_potato":115,"minecraft:oak_planks":16,"minecraft:dropper":2,"minecraft:spruce_planks":6628,"minecraft:sugar":6,"minecraft:spruce_button":1},"minecraft:broken":{"minecraft:diamond_boots":1},"minecraft:custom":{"minecraft:time_since_rest":495,"minecraft:talked_to_villager":234,"minecraft:leave_game":6,"minecraft:damage_taken":6013,"minecraft:mob_kills":256,"minecraft:boat_one_cm":88855,"minecraft:time_since_death":57823,"minecraft:interact_with_brewingstand":3,"minecraft:interact_with_furnace":56,"minecraft:sleep_in_bed":15,"minecraft:inspect_dispenser":13,"minecraft:swim_one_cm":55389,"minecraft:total_world_time":419784,"minecraft:crouch_one_cm":164074,"minecraft:deaths":8,"minecraft:climb_one_cm":9221,"minecraft:animals_bred":9,"minecraft:traded_with_villager":409,"minecraft:interact_with_crafting_table":56,"minecraft:walk_one_cm":733086,"minecraft:walk_under_water_one_cm":14132,"minecraft:damage_dealt":41447,"minecraft:play_time":419784,"minecraft:jump":7422,"minecraft:drop":123,"minecraft:use_cauldron":3,"minecraft:open_barrel":31,"minecraft:sprint_one_cm":1149631,"minecraft:open_chest":323,"minecraft:inspect_hopper":3,"minecraft:fall_one_cm":128656,"minecraft:fly_one_cm":1509404,"minecraft:interact_with_anvil":21,"minecraft:walk_on_water_one_cm":101205,"minecraft:sneak_time":78313,"minecraft:raid_trigger":1,"minecraft:interact_with_blast_furnace":2,"minecraft:interact_with_grindstone":4},"minecraft:picked_up":{"minecraft:sweet_berries":19,"minecraft:brewing_stand":3,"minecraft:shears":7,"minecraft:minecart":25,"minecraft:glass":4,"minecraft:flint":10,"minecraft:bone":19,"minecraft:redstone":38,"minecraft:diamond_shovel":8,"minecraft:white_banner":25,"minecraft:emerald":285,"minecraft:crimson_roots":14,"minecraft:sugar":4,"minecraft:book":21,"minecraft:crimson_fungus":7,"minecraft:cherry_button":1,"minecraft:gold_block":1,"minecraft:nether_quartz_ore":9,"minecraft:bow":5,"minecraft:arrow":44,"minecraft:iron_ingot":315,"minecraft:crossbow":13,"minecraft:polished_blackstone_brick_stairs":1,"minecraft:mutton":6,"minecraft:diamond_leggings":5,"minecraft:crying_obsidian":2,"minecraft:spruce_planks":80,"minecraft:dirt":48,"minecraft:polished_blackstone_bricks":1,"minecraft:rail":49,"minecraft:crimson_nylium":146,"minecraft:diamond_helmet":3,"minecraft:iron_shovel":1,"minecraft:crimson_stem":6,"minecraft:torch":2,"minecraft:diamond_pickaxe":16,"minecraft:cherry_log":2,"minecraft:bread":5,"minecraft:spruce_log":2763,"minecraft:oak_stairs":44,"minecraft:coal":71,"minecraft:oak_log":4,"minecraft:sand":97,"minecraft:birch_planks":2,"minecraft:wheat_seeds":80,"minecraft:weeping_vines":4,"minecraft:quartz":70,"minecraft:diamond_sword":7,"minecraft:hopper":3,"minecraft:poppy":11,"minecraft:white_wool":3,"minecraft:fletching_table":11,"minecraft:blast_furnace":24,"minecraft:ender_pearl":18,"minecraft:string":9,"minecraft:obsidian":11,"minecraft:filled_map":1,"minecraft:comparator":1,"minecraft:coal_ore":24,"minecraft:diamond_axe":7,"minecraft:carrot":9,"minecraft:spruce_sapling":143,"minecraft:glowstone":25,"minecraft:white_bed":2,"minecraft:leather":5,"minecraft:gold_nugget":193,"minecraft:lead":3,"minecraft:brown_mushroom":18,"minecraft:water_bucket":6,"minecraft:baked_potato":168,"minecraft:glow_ink_sac":7,"minecraft:carved_pumpkin":33,"minecraft:porkchop":38,"minecraft:copper_ore":40,"minecraft:stick":94,"minecraft:dark_oak_fence":6,"minecraft:redstone_torch":4,"minecraft:diamond_boots":4,"minecraft:crimson_stairs":2,"minecraft:repeater":9,"minecraft:cauldron":2,"minecraft:grindstone":3,"minecraft:diamond_chestplate":7,"minecraft:glowstone_dust":1,"minecraft:pumpkin_seeds":40,"minecraft:wheat":27,"minecraft:cherry_boat":3,"minecraft:cherry_planks":54,"minecraft:cherry_slab":1,"minecraft:gunpowder":14,"minecraft:chest":5,"minecraft:nether_gold_ore":10,"minecraft:netherrack":2409,"minecraft:magma_block":35,"minecraft:lever":1,"minecraft:stone":51,"minecraft:light_gray_wool":2,"minecraft:pumpkin":1,"minecraft:spider_eye":1,"minecraft:dark_oak_log":3,"minecraft:tipped_arrow":1,"minecraft:ominous_bottle":13,"minecraft:cherry_sapling":2,"minecraft:oak_planks":74,"minecraft:flint_and_steel":6,"minecraft:raw_copper":326,"minecraft:rotten_flesh":42,"minecraft:beef":5,"minecraft:ancient_debris":1,"minecraft:crafter":3},"minecraft:killed_by":{"minecraft:skeleton":2,"minecraft:vindicator":1,"minecraft:creeper":1,"minecraft:enderman":2,"minecraft:iron_golem":1},"minecraft:mined":{"minecraft:comparator":1,"minecraft:cherry_log":1,"minecraft:lever":1,"minecraft:lava_cauldron":1,"minecraft:nether_quartz_ore":44,"minecraft:chest":5,"minecraft:pumpkin":1,"minecraft:netherrack":2710,"minecraft:polished_blackstone_brick_stairs":1,"minecraft:carrots":3,"minecraft:spruce_sapling":9,"minecraft:gravel":10,"minecraft:short_grass":39,"minecraft:weeping_vines_plant":6,"minecraft:weeping_vines":3,"minecraft:brown_mushroom":18,"minecraft:crafter":3,"minecraft:sweet_berry_bush":7,"minecraft:magma_block":44,"minecraft:obsidian":11,"minecraft:redstone_torch":4,"minecraft:copper_ore":80,"minecraft:grindstone":3,"minecraft:nether_wart_block":2,"minecraft:repeater":9,"minecraft:blast_furnace":24,"minecraft:gold_block":1,"minecraft:fern":1,"minecraft:cauldron":1,"minecraft:birch_planks":2,"minecraft:stone":52,"minecraft:glass_pane":1,"minecraft:podzol":6,"minecraft:glass":4,"minecraft:coal_ore":54,"minecraft:wheat":27,"minecraft:ancient_debris":1,"minecraft:oak_planks":37,"minecraft:white_bed":2,"minecraft:cherry_leaves":11,"minecraft:brewing_stand":2,"minecraft:fletching_table":4,"minecraft:bookshelf":3,"minecraft:crimson_nylium":141,"minecraft:crimson_roots":16,"minecraft:glow_lichen":1,"minecraft:dark_oak_fence":4,"minecraft:crying_obsidian":2,"minecraft:tall_grass":4,"minecraft:polished_blackstone_bricks":1,"minecraft:crimson_stairs":2,"minecraft:rail":39,"minecraft:oak_stairs":44,"minecraft:dirt":24,"minecraft:hopper":3,"minecraft:grass_block":34,"minecraft:spruce_leaves":8,"minecraft:carved_pumpkin":9,"minecraft:nether_gold_ore":32,"minecraft:sand":100,"minecraft:cherry_planks":1,"minecraft:cherry_slab":1,"minecraft:redstone_wire":20},"minecraft:dropped":{"minecraft:rotten_flesh":8,"minecraft:iron_chestplate":1,"minecraft:pumpkin_seeds":4,"minecraft:crimson_roots":6,"minecraft:lead":3,"minecraft:bone":1,"minecraft:dirt":70,"minecraft:poppy":4,"minecraft:glowstone":50,"minecraft:wheat_seeds":7,"minecraft:ominous_bottle":1,"minecraft:sand":4,"minecraft:dark_oak_fence":2,"minecraft:emerald":42,"minecraft:rail":23,"minecraft:crossbow":7,"minecraft:lever":1,"minecraft:filled_map":2,"minecraft:minecart":2,"minecraft:light_gray_wool":2,"minecraft:crying_obsidian":1,"minecraft:diamond_pickaxe":3,"minecraft:string":4,"minecraft:polished_blackstone_bricks":1,"minecraft:iron_leggings":1,"minecraft:crimson_nylium":49,"minecraft:arrow":2,"minecraft:crimson_fungus":5,"minecraft:carrot":9,"minecraft:spruce_log":178,"minecraft:bread":5,"minecraft:netherrack":434,"minecraft:blast_furnace":8,"minecraft:mutton":6,"minecraft:fletching_table":14,"minecraft:dark_oak_log":3,"minecraft:baked_potato":6,"minecraft:polished_blackstone_brick_stairs":1},"minecraft:killed":{"minecraft:pillager":126,"minecraft:stray":1,"minecraft:skeleton":15,"minecraft:iron_golem":6,"minecraft:witch":2,"minecraft:piglin":5,"minecraft:villager":5,"minecraft:vindicator":2,"minecraft:spider":4,"minecraft:salmon":2,"minecraft:zombie":28,"minecraft:trader_llama":1,"minecraft:creeper":14,"minecraft:zombie_villager":3,"minecraft:enderman":3,"minecraft:sheep":4,"minecraft:hoglin":16,"minecraft:cow":2,"minecraft:drowned":1}},"DataVersion":4440}