{"stats":{"minecraft:used":{"minecraft:cherry_button":1,"minecraft:netherrack":650,"minecraft:baked_potato":21,"minecraft:diamond_sword":17,"minecraft:diamond_shovel":16,"minecraft:cherry_planks":11,"minecraft:wheat_seeds":27,"minecraft:bone_meal":1,"minecraft:diamond_pickaxe":2961,"minecraft:fletching_table":5,"minecraft:torch":2,"minecraft:magma_block":1,"minecraft:dirt":16,"minecraft:obsidian":8,"minecraft:minecart":2,"minecraft:crimson_roots":1,"minecraft:diamond_chestplate":1,"minecraft:rail":19,"minecraft:hopper":1,"minecraft:grindstone":1,"minecraft:diamond_axe":101,"minecraft:flint_and_steel":1,"minecraft:cherry_slab":2,"minecraft:cauldron":2,"minecraft:spruce_sapling":50},"minecraft:crafted":{"minecraft:diamond_boots":1,"minecraft:grindstone":1,"minecraft:diamond_shovel":1,"minecraft:diamond_helmet":1,"minecraft:glass":57,"minecraft:diamond_leggings":1,"minecraft:stick":4497,"minecraft:fletching_table":2,"minecraft:minecart":1,"minecraft:spruce_planks":2212,"minecraft:stone_slab":6,"minecraft:diamond_chestplate":2,"minecraft:air":0,"minecraft:emerald":155},"minecraft:custom":{"minecraft:talked_to_villager":45,"minecraft:time_since_rest":60796,"minecraft:leave_game":3,"minecraft:damage_taken":366,"minecraft:mob_kills":4,"minecraft:boat_one_cm":5849,"minecraft:time_since_death":60766,"minecraft:interact_with_furnace":3,"minecraft:sleep_in_bed":5,"minecraft:total_world_time":135497,"minecraft:swim_one_cm":12487,"minecraft:crouch_one_cm":127772,"minecraft:deaths":1,"minecraft:climb_one_cm":4776,"minecraft:animals_bred":9,"minecraft:traded_with_villager":161,"minecraft:interact_with_crafting_table":5,"minecraft:walk_one_cm":213119,"minecraft:walk_under_water_one_cm":488,"minecraft:play_time":135497,"minecraft:damage_dealt":1363,"minecraft:jump":1943,"minecraft:drop":24,"minecraft:sprint_one_cm":340438,"minecraft:open_chest":84,"minecraft:inspect_hopper":3,"minecraft:fall_one_cm":32276,"minecraft:fly_one_cm":441702,"minecraft:interact_with_anvil":3,"minecraft:walk_on_water_one_cm":3056,"minecraft:sneak_time":48013,"minecraft:interact_with_grindstone":1},"minecraft:picked_up":{"minecraft:diamond_axe":1,"minecraft:carrot":9,"minecraft:spruce_sapling":63,"minecraft:shears":1,"minecraft:minecart":4,"minecraft:brown_mushroom":18,"minecraft:diamond_shovel":2,"minecraft:baked_potato":24,"minecraft:crimson_roots":8,"minecraft:stick":39,"minecraft:crimson_fungus":7,"minecraft:cherry_button":1,"minecraft:diamond_boots":1,"minecraft:gold_block":1,"minecraft:nether_quartz_ore":9,"minecraft:iron_ingot":5,"minecraft:grindstone":1,"minecraft:diamond_chestplate":1,"minecraft:polished_blackstone_brick_stairs":1,"minecraft:wheat":27,"minecraft:cherry_planks":54,"minecraft:nether_gold_ore":10,"minecraft:diamond_leggings":1,"minecraft:crying_obsidian":2,"minecraft:spruce_planks":10,"minecraft:netherrack":2037,"minecraft:polished_blackstone_bricks":1,"minecraft:dirt":16,"minecraft:rail":21,"minecraft:magma_block":35,"minecraft:crimson_nylium":145,"minecraft:diamond_helmet":1,"minecraft:crimson_stem":6,"minecraft:torch":2,"minecraft:diamond_pickaxe":2,"minecraft:cherry_log":2,"minecraft:bread":5,"minecraft:spruce_log":553,"minecraft:oak_stairs":44,"minecraft:wheat_seeds":72,"minecraft:diamond_sword":1,"minecraft:hopper":1,"minecraft:poppy":2,"minecraft:cherry_sapling":2,"minecraft:oak_planks":37,"minecraft:fletching_table":3,"minecraft:beef":5,"minecraft:ancient_debris":1,"minecraft:obsidian":11,"minecraft:filled_map":1},"minecraft:mined":{"minecraft:cherry_log":1,"minecraft:glass_pane":1,"minecraft:nether_quartz_ore":12,"minecraft:podzol":6,"minecraft:netherrack":2704,"minecraft:polished_blackstone_brick_stairs":1,"minecraft:wheat":27,"minecraft:ancient_debris":1,"minecraft:carrots":3,"minecraft:oak_planks":37,"minecraft:short_grass":6,"minecraft:brown_mushroom":18,"minecraft:cherry_leaves":11,"minecraft:fletching_table":3,"minecraft:magma_block":44,"minecraft:obsidian":11,"minecraft:crimson_roots":5,"minecraft:crimson_nylium":141,"minecraft:crying_obsidian":2,"minecraft:polished_blackstone_bricks":1,"minecraft:oak_stairs":44,"minecraft:rail":21,"minecraft:grindstone":1,"minecraft:dirt":9,"minecraft:nether_wart_block":2,"minecraft:hopper":1,"minecraft:grass_block":1,"minecraft:spruce_leaves":2,"minecraft:gold_block":1,"minecraft:nether_gold_ore":12,"minecraft:cherry_planks":1},"minecraft:dropped":{"minecraft:filled_map":2,"minecraft:minecart":2,"minecraft:crying_obsidian":1,"minecraft:crimson_roots":6,"minecraft:diamond_pickaxe":1,"minecraft:crimson_nylium":49,"minecraft:dirt":64,"minecraft:crimson_fungus":5,"minecraft:carrot":9,"minecraft:bread":5,"minecraft:netherrack":434,"minecraft:rail":9,"minecraft:baked_potato":6},"minecraft:killed":{"minecraft:iron_golem":1,"minecraft:cow":2,"minecraft:villager":1}},"DataVersion":4440}