{"minecraft:recipes/decorations/crafting_table":{"criteria":{"unlock_right_away":"2025-07-25 15:57:33 +0000"},"done":true},"minecraft:adventure/adventuring_time":{"criteria":{"minecraft:cold_ocean":"2025-07-25 19:25:17 +0000","minecraft:flower_forest":"2025-07-25 16:28:44 +0000","minecraft:beach":"2025-07-25 19:24:47 +0000","minecraft:dark_forest":"2025-07-25 20:57:17 +0000","minecraft:forest":"2025-07-25 19:28:33 +0000","minecraft:taiga":"2025-07-25 20:55:58 +0000","minecraft:river":"2025-07-25 18:46:51 +0000","minecraft:snowy_plains":"2025-07-30 03:48:08 +0000","minecraft:lush_caves":"2025-07-25 21:11:12 +0000","minecraft:dripstone_caves":"2025-07-25 21:51:56 +0000","minecraft:snowy_taiga":"2025-07-30 03:26:19 +0000","minecraft:deep_cold_ocean":"2025-07-30 04:43:20 +0000","minecraft:ice_spikes":"2025-07-30 04:11:53 +0000","minecraft:old_growth_birch_forest":"2025-07-25 20:54:42 +0000","minecraft:frozen_ocean":"2025-07-30 03:26:50 +0000","minecraft:frozen_river":"2025-07-30 03:28:12 +0000","minecraft:sunflower_plains":"2025-07-25 19:18:30 +0000","minecraft:cherry_grove":"2025-07-25 22:31:36 +0000","minecraft:swamp":"2025-07-30 04:30:43 +0000","minecraft:meadow":"2025-07-25 15:57:34 +0000","minecraft:birch_forest":"2025-07-30 04:50:16 +0000","minecraft:snowy_beach":"2025-07-30 03:27:26 +0000","minecraft:plains":"2025-07-25 18:29:36 +0000"},"done":false},"minecraft:recipes/food/suspicious_stew_from_dandelion":{"criteria":{"has_dandelion":"2025-07-25 16:33:34 +0000"},"done":true},"minecraft:recipes/misc/yellow_dye_from_dandelion":{"criteria":{"has_dandelion":"2025-07-25 16:33:34 +0000"},"done":true},"minecraft:recipes/misc/light_gray_dye_from_azure_bluet":{"criteria":{"has_azure_bluet":"2025-07-25 16:46:29 +0000"},"done":true},"minecraft:recipes/food/suspicious_stew_from_azure_bluet":{"criteria":{"has_azure_bluet":"2025-07-25 16:46:29 +0000"},"done":true},"minecraft:adventure/root":{"criteria":{"killed_something":"2025-07-25 16:47:56 +0000"},"done":true},"minecraft:recipes/misc/yellow_dye_from_wildflowers":{"criteria":{"has_wildflowers":"2025-07-25 16:48:04 +0000"},"done":true},"minecraft:recipes/decorations/white_banner":{"criteria":{"has_white_wool":"2025-07-25 16:49:16 +0000"},"done":true},"minecraft:recipes/decorations/painting":{"criteria":{"has_wool":"2025-07-25 16:49:16 +0000"},"done":true},"minecraft:recipes/decorations/white_bed":{"criteria":{"has_white_wool":"2025-07-25 16:49:16 +0000"},"done":true},"minecraft:recipes/decorations/white_carpet":{"criteria":{"has_white_wool":"2025-07-25 16:49:16 +0000"},"done":true},"minecraft:recipes/food/cooked_mutton_from_smoking":{"criteria":{"has_mutton":"2025-07-25 16:49:17 +0000"},"done":true},"minecraft:recipes/food/cooked_mutton":{"criteria":{"has_mutton":"2025-07-25 16:49:17 +0000"},"done":true},"minecraft:recipes/food/cooked_mutton_from_campfire_cooking":{"criteria":{"has_mutton":"2025-07-25 16:49:17 +0000"},"done":true},"minecraft:husbandry/balanced_diet":{"criteria":{"cooked_porkchop":"2025-07-26 22:04:12 +0000","mutton":"2025-07-25 16:49:24 +0000","chicken":"2025-07-25 18:53:58 +0000","bread":"2025-07-25 20:11:56 +0000","rotten_flesh":"2025-07-26 00:57:32 +0000","suspicious_stew":"2025-07-30 05:09:13 +0000","cooked_mutton":"2025-07-26 08:26:55 +0000","salmon":"2025-07-25 18:48:55 +0000","cooked_beef":"2025-07-27 01:26:42 +0000","beef":"2025-07-25 22:52:55 +0000","baked_potato":"2025-07-26 22:52:08 +0000","porkchop":"2025-07-25 18:16:48 +0000","golden_carrot":"2025-07-26 00:52:06 +0000","apple":"2025-07-25 17:06:52 +0000","cooked_chicken":"2025-07-26 07:47:25 +0000","potato":"2025-07-26 03:25:30 +0000","carrot":"2025-07-26 09:32:50 +0000"},"done":false},"minecraft:husbandry/root":{"criteria":{"consumed_item":"2025-07-25 16:49:24 +0000"},"done":true},"minecraft:recipes/misc/magenta_dye_from_lilac":{"criteria":{"has_lilac":"2025-07-25 16:57:32 +0000"},"done":true},"minecraft:recipes/misc/charcoal":{"criteria":{"has_log":"2025-07-25 16:57:39 +0000"},"done":true},"minecraft:recipes/building_blocks/oak_planks":{"criteria":{"has_logs":"2025-07-25 16:57:39 +0000"},"done":true},"minecraft:recipes/building_blocks/oak_wood":{"criteria":{"has_log":"2025-07-25 16:57:39 +0000"},"done":true},"minecraft:recipes/building_blocks/oak_slab":{"criteria":{"has_planks":"2025-07-25 16:58:05 +0000"},"done":true},"minecraft:recipes/decorations/oak_sign":{"criteria":{"has_planks":"2025-07-25 16:58:05 +0000"},"done":true},"minecraft:recipes/redstone/oak_trapdoor":{"criteria":{"has_planks":"2025-07-25 16:58:05 +0000"},"done":true},"minecraft:recipes/redstone/oak_fence_gate":{"criteria":{"has_planks":"2025-07-25 16:58:05 +0000"},"done":true},"minecraft:recipes/redstone/oak_pressure_plate":{"criteria":{"has_planks":"2025-07-25 16:58:05 +0000"},"done":true},"minecraft:recipes/redstone/oak_door":{"criteria":{"has_planks":"2025-07-25 16:58:05 +0000"},"done":true},"minecraft:recipes/misc/stick":{"criteria":{"has_planks":"2025-07-25 16:58:05 +0000"},"done":true},"minecraft:recipes/building_blocks/oak_stairs":{"criteria":{"has_planks":"2025-07-25 16:58:05 +0000"},"done":true},"minecraft:recipes/decorations/oak_fence":{"criteria":{"has_planks":"2025-07-25 16:58:05 +0000"},"done":true},"minecraft:recipes/decorations/barrel":{"criteria":{"has_planks":"2025-07-25 16:58:05 +0000"},"done":true},"minecraft:recipes/redstone/oak_button":{"criteria":{"has_planks":"2025-07-25 16:58:05 +0000"},"done":true},"minecraft:story/root":{"criteria":{"crafting_table":"2025-07-25 16:59:46 +0000"},"done":true},"minecraft:recipes/decorations/ladder":{"criteria":{"has_stick":"2025-07-25 17:00:34 +0000"},"done":true},"minecraft:recipes/decorations/campfire":{"criteria":{"has_stick":"2025-07-25 17:00:34 +0000"},"done":true},"minecraft:recipes/tools/wooden_hoe":{"criteria":{"has_stick":"2025-07-25 17:00:34 +0000"},"done":true},"minecraft:recipes/tools/wooden_pickaxe":{"criteria":{"has_stick":"2025-07-25 17:00:34 +0000"},"done":true},"minecraft:recipes/tools/wooden_axe":{"criteria":{"has_stick":"2025-07-25 17:00:34 +0000"},"done":true},"minecraft:recipes/tools/wooden_shovel":{"criteria":{"has_stick":"2025-07-25 17:00:34 +0000"},"done":true},"minecraft:recipes/combat/wooden_sword":{"criteria":{"has_stick":"2025-07-25 17:00:34 +0000"},"done":true},"minecraft:adventure/sleep_in_bed":{"criteria":{"slept_in_bed":"2025-07-25 17:02:41 +0000"},"done":true},"minecraft:recipes/decorations/chest":{"criteria":{"has_lots_of_items":"2025-07-25 17:03:44 +0000"},"done":true},"minecraft:recipes/food/cooked_porkchop":{"criteria":{"has_porkchop":"2025-07-25 17:08:30 +0000"},"done":true},"minecraft:recipes/food/cooked_porkchop_from_campfire_cooking":{"criteria":{"has_porkchop":"2025-07-25 17:08:30 +0000"},"done":true},"minecraft:recipes/food/cooked_porkchop_from_smoking":{"criteria":{"has_porkchop":"2025-07-25 17:08:30 +0000"},"done":true},"minecraft:recipes/food/suspicious_stew_from_cornflower":{"criteria":{"has_cornflower":"2025-07-25 17:08:57 +0000"},"done":true},"minecraft:recipes/misc/blue_dye_from_cornflower":{"criteria":{"has_cornflower":"2025-07-25 17:08:57 +0000"},"done":true},"minecraft:recipes/redstone/lever":{"criteria":{"has_cobblestone":"2025-07-25 17:15:05 +0000"},"done":true},"minecraft:recipes/combat/stone_sword":{"criteria":{"has_cobblestone":"2025-07-25 17:15:05 +0000"},"done":true},"minecraft:recipes/decorations/cobblestone_wall":{"criteria":{"has_cobblestone":"2025-07-25 17:15:05 +0000"},"done":true},"minecraft:recipes/tools/stone_pickaxe":{"criteria":{"has_cobblestone":"2025-07-25 17:15:05 +0000"},"done":true},"minecraft:recipes/tools/stone_axe":{"criteria":{"has_cobblestone":"2025-07-25 17:15:05 +0000"},"done":true},"minecraft:story/mine_stone":{"criteria":{"get_stone":"2025-07-25 17:15:05 +0000"},"done":true},"minecraft:recipes/decorations/furnace":{"criteria":{"has_cobblestone":"2025-07-25 17:15:05 +0000"},"done":true},"minecraft:recipes/building_blocks/cobblestone_slab":{"criteria":{"has_cobblestone":"2025-07-25 17:15:05 +0000"},"done":true},"minecraft:recipes/building_blocks/cobblestone_slab_from_cobblestone_stonecutting":{"criteria":{"has_cobblestone":"2025-07-25 17:15:05 +0000"},"done":true},"minecraft:recipes/building_blocks/stone":{"criteria":{"has_cobblestone":"2025-07-25 17:15:05 +0000"},"done":true},"minecraft:recipes/decorations/cobblestone_wall_from_cobblestone_stonecutting":{"criteria":{"has_cobblestone":"2025-07-25 17:15:05 +0000"},"done":true},"minecraft:recipes/building_blocks/cobblestone_stairs_from_cobblestone_stonecutting":{"criteria":{"has_cobblestone":"2025-07-25 17:15:05 +0000"},"done":true},"minecraft:recipes/building_blocks/cobblestone_stairs":{"criteria":{"has_cobblestone":"2025-07-25 17:15:05 +0000"},"done":true},"minecraft:recipes/tools/stone_hoe":{"criteria":{"has_cobblestone":"2025-07-25 17:15:05 +0000"},"done":true},"minecraft:recipes/tools/stone_shovel":{"criteria":{"has_cobblestone":"2025-07-25 17:15:05 +0000"},"done":true},"minecraft:recipes/decorations/torch":{"criteria":{"has_stone_pickaxe":"2025-07-25 18:33:43 +0000"},"done":true},"minecraft:story/upgrade_tools":{"criteria":{"stone_pickaxe":"2025-07-25 18:33:43 +0000"},"done":true},"minecraft:recipes/building_blocks/coal_block":{"criteria":{"has_coal":"2025-07-25 18:38:32 +0000"},"done":true},"minecraft:recipes/food/cooked_chicken_from_campfire_cooking":{"criteria":{"has_chicken":"2025-07-25 18:45:34 +0000"},"done":true},"minecraft:recipes/food/cooked_chicken":{"criteria":{"has_chicken":"2025-07-25 18:45:34 +0000"},"done":true},"minecraft:recipes/food/cooked_chicken_from_smoking":{"criteria":{"has_chicken":"2025-07-25 18:45:34 +0000"},"done":true},"minecraft:recipes/food/cake":{"criteria":{"has_egg":"2025-07-25 18:45:35 +0000"},"done":true},"minecraft:recipes/transportation/mangrove_boat":{"criteria":{"in_water":"2025-07-25 18:46:46 +0000"},"done":true},"minecraft:recipes/transportation/acacia_boat":{"criteria":{"in_water":"2025-07-25 18:46:46 +0000"},"done":true},"minecraft:recipes/transportation/cherry_boat":{"criteria":{"in_water":"2025-07-25 18:46:46 +0000"},"done":true},"minecraft:recipes/transportation/pale_oak_boat":{"criteria":{"in_water":"2025-07-25 18:46:46 +0000"},"done":true},"minecraft:recipes/transportation/bamboo_raft":{"criteria":{"in_water":"2025-07-25 18:46:46 +0000"},"done":true},"minecraft:recipes/transportation/spruce_boat":{"criteria":{"in_water":"2025-07-25 18:46:46 +0000"},"done":true},"minecraft:recipes/transportation/birch_boat":{"criteria":{"in_water":"2025-07-25 18:46:46 +0000"},"done":true},"minecraft:recipes/transportation/oak_boat":{"criteria":{"in_water":"2025-07-25 18:46:46 +0000"},"done":true},"minecraft:recipes/transportation/jungle_boat":{"criteria":{"in_water":"2025-07-25 18:46:46 +0000"},"done":true},"minecraft:recipes/transportation/dark_oak_boat":{"criteria":{"in_water":"2025-07-25 18:46:46 +0000"},"done":true},"minecraft:recipes/food/cooked_salmon_from_smoking":{"criteria":{"has_salmon":"2025-07-25 18:46:59 +0000"},"done":true},"minecraft:recipes/food/cooked_salmon_from_campfire_cooking":{"criteria":{"has_salmon":"2025-07-25 18:46:59 +0000"},"done":true},"minecraft:recipes/food/cooked_salmon":{"criteria":{"has_salmon":"2025-07-25 18:46:59 +0000"},"done":true},"minecraft:recipes/building_blocks/lime_concrete_powder":{"criteria":{"has_gravel":"2025-07-25 19:20:45 +0000"},"done":true},"minecraft:recipes/building_blocks/coarse_dirt":{"criteria":{"has_gravel":"2025-07-25 19:20:45 +0000"},"done":true},"minecraft:recipes/building_blocks/light_gray_concrete_powder":{"criteria":{"has_gravel":"2025-07-25 19:20:45 +0000"},"done":true},"minecraft:recipes/building_blocks/pink_concrete_powder":{"criteria":{"has_gravel":"2025-07-25 19:20:45 +0000"},"done":true},"minecraft:recipes/building_blocks/orange_concrete_powder":{"criteria":{"has_gravel":"2025-07-25 19:20:45 +0000"},"done":true},"minecraft:recipes/building_blocks/red_concrete_powder":{"criteria":{"has_gravel":"2025-07-25 19:20:45 +0000"},"done":true},"minecraft:recipes/building_blocks/magenta_concrete_powder":{"criteria":{"has_gravel":"2025-07-25 19:20:45 +0000"},"done":true},"minecraft:recipes/building_blocks/brown_concrete_powder":{"criteria":{"has_gravel":"2025-07-25 19:20:45 +0000"},"done":true},"minecraft:recipes/building_blocks/light_blue_concrete_powder":{"criteria":{"has_gravel":"2025-07-25 19:20:45 +0000"},"done":true},"minecraft:recipes/building_blocks/green_concrete_powder":{"criteria":{"has_gravel":"2025-07-25 19:20:45 +0000"},"done":true},"minecraft:recipes/building_blocks/blue_concrete_powder":{"criteria":{"has_gravel":"2025-07-25 19:20:45 +0000"},"done":true},"minecraft:recipes/building_blocks/yellow_concrete_powder":{"criteria":{"has_gravel":"2025-07-25 19:20:45 +0000"},"done":true},"minecraft:recipes/building_blocks/white_concrete_powder":{"criteria":{"has_gravel":"2025-07-25 19:20:45 +0000"},"done":true},"minecraft:recipes/building_blocks/gray_concrete_powder":{"criteria":{"has_gravel":"2025-07-25 19:20:45 +0000"},"done":true},"minecraft:recipes/building_blocks/black_concrete_powder":{"criteria":{"has_gravel":"2025-07-25 19:20:45 +0000"},"done":true},"minecraft:recipes/building_blocks/purple_concrete_powder":{"criteria":{"has_gravel":"2025-07-25 19:20:45 +0000"},"done":true},"minecraft:recipes/building_blocks/cyan_concrete_powder":{"criteria":{"has_gravel":"2025-07-25 19:20:45 +0000"},"done":true},"minecraft:recipes/decorations/fletching_table":{"criteria":{"has_flint":"2025-07-25 19:21:05 +0000"},"done":true},"minecraft:recipes/tools/flint_and_steel":{"criteria":{"has_flint":"2025-07-25 19:21:05 +0000"},"done":true},"minecraft:recipes/combat/arrow":{"criteria":{"has_flint":"2025-07-25 19:21:05 +0000"},"done":true},"minecraft:recipes/transportation/dark_oak_chest_boat":{"criteria":{"has_boat":"2025-07-25 19:25:09 +0000"},"done":true},"minecraft:recipes/transportation/bamboo_chest_raft":{"criteria":{"has_boat":"2025-07-25 19:25:09 +0000"},"done":true},"minecraft:recipes/transportation/spruce_chest_boat":{"criteria":{"has_boat":"2025-07-25 19:25:09 +0000"},"done":true},"minecraft:recipes/transportation/pale_oak_chest_boat":{"criteria":{"has_boat":"2025-07-25 19:25:09 +0000"},"done":true},"minecraft:recipes/transportation/jungle_chest_boat":{"criteria":{"has_boat":"2025-07-25 19:25:09 +0000"},"done":true},"minecraft:recipes/transportation/acacia_chest_boat":{"criteria":{"has_boat":"2025-07-25 19:25:09 +0000"},"done":true},"minecraft:recipes/transportation/mangrove_chest_boat":{"criteria":{"has_boat":"2025-07-25 19:25:09 +0000"},"done":true},"minecraft:recipes/transportation/oak_chest_boat":{"criteria":{"has_boat":"2025-07-25 19:25:09 +0000"},"done":true},"minecraft:recipes/transportation/cherry_chest_boat":{"criteria":{"has_boat":"2025-07-25 19:25:09 +0000"},"done":true},"minecraft:recipes/transportation/birch_chest_boat":{"criteria":{"has_boat":"2025-07-25 19:25:09 +0000"},"done":true},"minecraft:recipes/combat/leather_helmet":{"criteria":{"has_leather":"2025-07-25 19:28:41 +0000"},"done":true},"minecraft:recipes/combat/leather_leggings":{"criteria":{"has_leather":"2025-07-25 19:28:41 +0000"},"done":true},"minecraft:recipes/food/cooked_beef_from_smoking":{"criteria":{"has_beef":"2025-07-25 19:28:41 +0000"},"done":true},"minecraft:recipes/decorations/item_frame":{"criteria":{"has_leather":"2025-07-25 19:28:41 +0000"},"done":true},"minecraft:recipes/combat/leather_chestplate":{"criteria":{"has_leather":"2025-07-25 19:28:41 +0000"},"done":true},"minecraft:recipes/combat/leather_boots":{"criteria":{"has_leather":"2025-07-25 19:28:41 +0000"},"done":true},"minecraft:recipes/misc/leather_horse_armor":{"criteria":{"has_leather":"2025-07-25 19:28:41 +0000"},"done":true},"minecraft:recipes/combat/saddle":{"criteria":{"has_leather":"2025-07-25 19:28:41 +0000"},"done":true},"minecraft:recipes/food/cooked_beef":{"criteria":{"has_beef":"2025-07-25 19:28:41 +0000"},"done":true},"minecraft:recipes/food/cooked_beef_from_campfire_cooking":{"criteria":{"has_beef":"2025-07-25 19:28:41 +0000"},"done":true},"minecraft:recipes/building_blocks/birch_planks":{"criteria":{"has_logs":"2025-07-25 19:29:53 +0000"},"done":true},"minecraft:recipes/building_blocks/birch_wood":{"criteria":{"has_log":"2025-07-25 19:29:53 +0000"},"done":true},"minecraft:recipes/redstone/birch_button":{"criteria":{"has_planks":"2025-07-25 19:31:29 +0000"},"done":true},"minecraft:recipes/redstone/birch_door":{"criteria":{"has_planks":"2025-07-25 19:31:29 +0000"},"done":true},"minecraft:recipes/decorations/birch_fence":{"criteria":{"has_planks":"2025-07-25 19:31:29 +0000"},"done":true},"minecraft:recipes/redstone/birch_trapdoor":{"criteria":{"has_planks":"2025-07-25 19:31:29 +0000"},"done":true},"minecraft:recipes/decorations/birch_sign":{"criteria":{"has_planks":"2025-07-25 19:31:29 +0000"},"done":true},"minecraft:recipes/redstone/birch_fence_gate":{"criteria":{"has_planks":"2025-07-25 19:31:29 +0000"},"done":true},"minecraft:recipes/redstone/birch_pressure_plate":{"criteria":{"has_planks":"2025-07-25 19:31:29 +0000"},"done":true},"minecraft:recipes/building_blocks/birch_slab":{"criteria":{"has_planks":"2025-07-25 19:31:29 +0000"},"done":true},"minecraft:recipes/building_blocks/birch_stairs":{"criteria":{"has_planks":"2025-07-25 19:31:29 +0000"},"done":true},"minecraft:recipes/food/dried_kelp_from_smoking":{"criteria":{"has_kelp":"2025-07-25 19:46:08 +0000"},"done":true},"minecraft:recipes/food/dried_kelp_from_smelting":{"criteria":{"has_kelp":"2025-07-25 19:46:08 +0000"},"done":true},"minecraft:recipes/food/dried_kelp_from_campfire_cooking":{"criteria":{"has_kelp":"2025-07-25 19:46:08 +0000"},"done":true},"minecraft:recipes/misc/wheat":{"criteria":{"has_hay_block":"2025-07-25 20:02:47 +0000"},"done":true},"minecraft:recipes/redstone/target":{"criteria":{"has_hay_block":"2025-07-25 20:02:47 +0000"},"done":true},"minecraft:recipes/decorations/mossy_cobblestone_wall":{"criteria":{"has_mossy_cobblestone":"2025-07-25 20:05:15 +0000"},"done":true},"minecraft:recipes/building_blocks/mossy_cobblestone_slab_from_mossy_cobblestone_stonecutting":{"criteria":{"has_mossy_cobblestone":"2025-07-25 20:05:15 +0000"},"done":true},"minecraft:recipes/building_blocks/mossy_cobblestone_stairs_from_mossy_cobblestone_stonecutting":{"criteria":{"has_mossy_cobblestone":"2025-07-25 20:05:15 +0000"},"done":true},"minecraft:recipes/decorations/mossy_cobblestone_wall_from_mossy_cobblestone_stonecutting":{"criteria":{"has_mossy_cobblestone":"2025-07-25 20:05:15 +0000"},"done":true},"minecraft:recipes/building_blocks/mossy_cobblestone_slab":{"criteria":{"has_mossy_cobblestone":"2025-07-25 20:05:15 +0000"},"done":true},"minecraft:recipes/building_blocks/mossy_cobblestone_stairs":{"criteria":{"has_mossy_cobblestone":"2025-07-25 20:05:15 +0000"},"done":true},"minecraft:recipes/food/bread":{"criteria":{"has_wheat":"2025-07-25 20:05:58 +0000"},"done":true},"minecraft:recipes/building_blocks/hay_block":{"criteria":{"has_wheat":"2025-07-25 20:05:58 +0000"},"done":true},"minecraft:recipes/decorations/smoker":{"criteria":{"has_furnace":"2025-07-25 20:08:04 +0000"},"done":true},"minecraft:recipes/food/suspicious_stew_from_poppy":{"criteria":{"has_poppy":"2025-07-25 20:18:27 +0000"},"done":true},"minecraft:recipes/misc/red_dye_from_poppy":{"criteria":{"has_poppy":"2025-07-25 20:18:27 +0000"},"done":true},"minecraft:recipes/building_blocks/dark_oak_planks":{"criteria":{"has_log":"2025-07-25 20:57:34 +0000"},"done":true},"minecraft:recipes/building_blocks/dark_oak_wood":{"criteria":{"has_log":"2025-07-25 20:57:34 +0000"},"done":true},"minecraft:adventure/kill_all_mobs":{"criteria":{"minecraft:pillager":"2025-07-30 19:58:30 +0000","minecraft:skeleton":"2025-07-26 03:31:34 +0000","minecraft:piglin":"2025-07-30 15:44:51 +0000","minecraft:zombified_piglin":"2025-07-26 09:29:20 +0000","minecraft:spider":"2025-07-26 07:35:54 +0000","minecraft:zombie":"2025-07-26 03:31:05 +0000","minecraft:creeper":"2025-07-30 15:33:32 +0000","minecraft:drowned":"2025-07-26 07:34:25 +0000","minecraft:zombie_villager":"2025-07-25 21:01:59 +0000","minecraft:hoglin":"2025-07-30 16:01:49 +0000"},"done":false},"minecraft:adventure/kill_a_mob":{"criteria":{"minecraft:zombie_villager":"2025-07-25 21:01:59 +0000"},"done":true},"minecraft:recipes/building_blocks/diorite_stairs_from_diorite_stonecutting":{"criteria":{"has_diorite":"2025-07-25 21:11:05 +0000"},"done":true},"minecraft:recipes/building_blocks/polished_diorite":{"criteria":{"has_diorite":"2025-07-25 21:11:05 +0000"},"done":true},"minecraft:recipes/building_blocks/diorite_slab":{"criteria":{"has_diorite":"2025-07-25 21:11:05 +0000"},"done":true},"minecraft:recipes/decorations/diorite_wall_from_diorite_stonecutting":{"criteria":{"has_diorite":"2025-07-25 21:11:05 +0000"},"done":true},"minecraft:recipes/building_blocks/andesite":{"criteria":{"has_stone":"2025-07-25 21:11:05 +0000"},"done":true},"minecraft:recipes/building_blocks/polished_diorite_from_diorite_stonecutting":{"criteria":{"has_diorite":"2025-07-25 21:11:05 +0000"},"done":true},"minecraft:recipes/decorations/diorite_wall":{"criteria":{"has_diorite":"2025-07-25 21:11:05 +0000"},"done":true},"minecraft:recipes/building_blocks/diorite_slab_from_diorite_stonecutting":{"criteria":{"has_diorite":"2025-07-25 21:11:05 +0000"},"done":true},"minecraft:recipes/building_blocks/polished_diorite_slab_from_diorite_stonecutting":{"criteria":{"has_diorite":"2025-07-25 21:11:05 +0000"},"done":true},"minecraft:recipes/building_blocks/polished_diorite_stairs_from_diorite_stonecutting":{"criteria":{"has_diorite":"2025-07-25 21:11:05 +0000"},"done":true},"minecraft:recipes/building_blocks/diorite_stairs":{"criteria":{"has_diorite":"2025-07-25 21:11:05 +0000"},"done":true},"minecraft:recipes/misc/iron_ingot_from_smelting_raw_iron":{"criteria":{"has_raw_iron":"2025-07-25 21:11:51 +0000"},"done":true},"minecraft:recipes/building_blocks/raw_iron_block":{"criteria":{"has_raw_iron":"2025-07-25 21:11:51 +0000"},"done":true},"minecraft:recipes/misc/iron_ingot_from_blasting_raw_iron":{"criteria":{"has_raw_iron":"2025-07-25 21:11:51 +0000"},"done":true},"minecraft:recipes/decorations/moss_carpet":{"criteria":{"has_moss_block":"2025-07-25 21:16:07 +0000"},"done":true},"minecraft:recipes/building_blocks/mossy_cobblestone_from_moss_block":{"criteria":{"has_moss_block":"2025-07-25 21:16:07 +0000"},"done":true},"minecraft:recipes/building_blocks/mossy_stone_bricks_from_moss_block":{"criteria":{"has_moss_block":"2025-07-25 21:16:07 +0000"},"done":true},"minecraft:recipes/building_blocks/andesite_stairs_from_andesite_stonecutting":{"criteria":{"has_andesite":"2025-07-25 21:20:54 +0000"},"done":true},"minecraft:recipes/building_blocks/andesite_stairs":{"criteria":{"has_andesite":"2025-07-25 21:20:54 +0000"},"done":true},"minecraft:recipes/building_blocks/polished_andesite_from_andesite_stonecutting":{"criteria":{"has_andesite":"2025-07-25 21:20:54 +0000"},"done":true},"minecraft:recipes/building_blocks/polished_andesite":{"criteria":{"has_andesite":"2025-07-25 21:20:54 +0000"},"done":true},"minecraft:recipes/decorations/andesite_wall_from_andesite_stonecutting":{"criteria":{"has_andesite":"2025-07-25 21:20:54 +0000"},"done":true},"minecraft:recipes/building_blocks/polished_andesite_slab_from_andesite_stonecutting":{"criteria":{"has_andesite":"2025-07-25 21:20:54 +0000"},"done":true},"minecraft:recipes/decorations/andesite_wall":{"criteria":{"has_andesite":"2025-07-25 21:20:54 +0000"},"done":true},"minecraft:recipes/building_blocks/andesite_slab":{"criteria":{"has_andesite":"2025-07-25 21:20:54 +0000"},"done":true},"minecraft:recipes/building_blocks/polished_andesite_stairs_from_andesite_stonecutting":{"criteria":{"has_andesite":"2025-07-25 21:20:54 +0000"},"done":true},"minecraft:recipes/building_blocks/andesite_slab_from_andesite_stonecutting":{"criteria":{"has_andesite":"2025-07-25 21:20:54 +0000"},"done":true},"minecraft:recipes/misc/brick":{"criteria":{"has_clay_ball":"2025-07-25 21:21:57 +0000"},"done":true},"minecraft:recipes/building_blocks/clay":{"criteria":{"has_clay_ball":"2025-07-25 21:21:57 +0000"},"done":true},"minecraft:recipes/building_blocks/polished_deepslate":{"criteria":{"has_cobbled_deepslate":"2025-07-25 21:22:02 +0000"},"done":true},"minecraft:recipes/building_blocks/deepslate_tile_stairs_from_cobbled_deepslate_stonecutting":{"criteria":{"has_cobbled_deepslate":"2025-07-25 21:22:02 +0000"},"done":true},"minecraft:recipes/decorations/deepslate_brick_wall_from_cobbled_deepslate_stonecutting":{"criteria":{"has_cobbled_deepslate":"2025-07-25 21:22:02 +0000"},"done":true},"minecraft:recipes/building_blocks/polished_deepslate_from_cobbled_deepslate_stonecutting":{"criteria":{"has_cobbled_deepslate":"2025-07-25 21:22:02 +0000"},"done":true},"minecraft:recipes/building_blocks/polished_deepslate_slab_from_cobbled_deepslate_stonecutting":{"criteria":{"has_cobbled_deepslate":"2025-07-25 21:22:02 +0000"},"done":true},"minecraft:recipes/building_blocks/deepslate_brick_stairs_from_cobbled_deepslate_stonecutting":{"criteria":{"has_cobbled_deepslate":"2025-07-25 21:22:02 +0000"},"done":true},"minecraft:recipes/building_blocks/deepslate_brick_slab_from_cobbled_deepslate_stonecutting":{"criteria":{"has_cobbled_deepslate":"2025-07-25 21:22:02 +0000"},"done":true},"minecraft:recipes/building_blocks/cobbled_deepslate_slab_from_cobbled_deepslate_stonecutting":{"criteria":{"has_cobbled_deepslate":"2025-07-25 21:22:02 +0000"},"done":true},"minecraft:recipes/building_blocks/deepslate_tile_slab_from_cobbled_deepslate_stonecutting":{"criteria":{"has_cobbled_deepslate":"2025-07-25 21:22:02 +0000"},"done":true},"minecraft:recipes/building_blocks/cobbled_deepslate_stairs":{"criteria":{"has_cobbled_deepslate":"2025-07-25 21:22:02 +0000"},"done":true},"minecraft:recipes/building_blocks/chiseled_deepslate_from_cobbled_deepslate_stonecutting":{"criteria":{"has_cobbled_deepslate":"2025-07-25 21:22:02 +0000"},"done":true},"minecraft:recipes/building_blocks/cobbled_deepslate_slab":{"criteria":{"has_cobbled_deepslate":"2025-07-25 21:22:02 +0000"},"done":true},"minecraft:recipes/decorations/cobbled_deepslate_wall_from_cobbled_deepslate_stonecutting":{"criteria":{"has_cobbled_deepslate":"2025-07-25 21:22:02 +0000"},"done":true},"minecraft:recipes/decorations/deepslate_tile_wall_from_cobbled_deepslate_stonecutting":{"criteria":{"has_cobbled_deepslate":"2025-07-25 21:22:02 +0000"},"done":true},"minecraft:recipes/decorations/cobbled_deepslate_wall":{"criteria":{"has_cobbled_deepslate":"2025-07-25 21:22:02 +0000"},"done":true},"minecraft:recipes/decorations/polished_deepslate_wall_from_cobbled_deepslate_stonecutting":{"criteria":{"has_cobbled_deepslate":"2025-07-25 21:22:02 +0000"},"done":true},"minecraft:recipes/building_blocks/deepslate_bricks_from_cobbled_deepslate_stonecutting":{"criteria":{"has_cobbled_deepslate":"2025-07-25 21:22:02 +0000"},"done":true},"minecraft:recipes/building_blocks/deepslate_tiles_from_cobbled_deepslate_stonecutting":{"criteria":{"has_cobbled_deepslate":"2025-07-25 21:22:02 +0000"},"done":true},"minecraft:recipes/building_blocks/cobbled_deepslate_stairs_from_cobbled_deepslate_stonecutting":{"criteria":{"has_cobbled_deepslate":"2025-07-25 21:22:02 +0000"},"done":true},"minecraft:recipes/building_blocks/deepslate":{"criteria":{"has_cobbled_deepslate":"2025-07-25 21:22:02 +0000"},"done":true},"minecraft:recipes/building_blocks/polished_deepslate_stairs_from_cobbled_deepslate_stonecutting":{"criteria":{"has_cobbled_deepslate":"2025-07-25 21:22:02 +0000"},"done":true},"minecraft:recipes/misc/bone_meal":{"criteria":{"has_bone":"2025-07-25 21:58:23 +0000"},"done":true},"minecraft:recipes/combat/iron_sword":{"criteria":{"has_iron_ingot":"2025-07-25 22:13:50 +0000"},"done":true},"minecraft:recipes/tools/iron_pickaxe":{"criteria":{"has_iron_ingot":"2025-07-25 22:13:50 +0000"},"done":true},"minecraft:recipes/combat/iron_leggings":{"criteria":{"has_iron_ingot":"2025-07-25 22:13:50 +0000"},"done":true},"minecraft:recipes/combat/shield":{"criteria":{"has_iron_ingot":"2025-07-25 22:13:50 +0000"},"done":true},"minecraft:recipes/redstone/hopper":{"criteria":{"has_iron_ingot":"2025-07-25 22:13:50 +0000"},"done":true},"minecraft:recipes/decorations/iron_bars":{"criteria":{"has_iron_ingot":"2025-07-25 22:13:50 +0000"},"done":true},"minecraft:recipes/combat/iron_boots":{"criteria":{"has_iron_ingot":"2025-07-25 22:13:50 +0000"},"done":true},"minecraft:recipes/combat/iron_chestplate":{"criteria":{"has_iron_ingot":"2025-07-25 22:13:50 +0000"},"done":true},"minecraft:recipes/decorations/lantern":{"criteria":{"has_iron_ingot":"2025-07-25 22:13:50 +0000"},"done":true},"minecraft:recipes/misc/iron_nugget":{"criteria":{"has_iron_ingot":"2025-07-25 22:13:50 +0000"},"done":true},"minecraft:recipes/misc/bucket":{"criteria":{"has_iron_ingot":"2025-07-25 22:13:50 +0000"},"done":true},"minecraft:recipes/combat/iron_helmet":{"criteria":{"has_iron_ingot":"2025-07-25 22:13:50 +0000"},"done":true},"minecraft:recipes/transportation/minecart":{"criteria":{"has_iron_ingot":"2025-07-25 22:13:50 +0000"},"done":true},"minecraft:recipes/tools/iron_hoe":{"criteria":{"has_iron_ingot":"2025-07-25 22:13:50 +0000"},"done":true},"minecraft:recipes/tools/iron_shovel":{"criteria":{"has_iron_ingot":"2025-07-25 22:13:50 +0000"},"done":true},"minecraft:story/smelt_iron":{"criteria":{"iron":"2025-07-25 22:13:50 +0000"},"done":true},"minecraft:recipes/tools/shears":{"criteria":{"has_iron_ingot":"2025-07-25 22:13:50 +0000"},"done":true},"minecraft:recipes/redstone/iron_trapdoor":{"criteria":{"has_iron_ingot":"2025-07-25 22:13:50 +0000"},"done":true},"minecraft:recipes/decorations/chain":{"criteria":{"has_iron_ingot":"2025-07-25 22:13:50 +0000"},"done":true},"minecraft:recipes/building_blocks/iron_block":{"criteria":{"has_iron_ingot":"2025-07-25 22:13:50 +0000"},"done":true},"minecraft:recipes/tools/iron_axe":{"criteria":{"has_iron_ingot":"2025-07-25 22:13:50 +0000"},"done":true},"minecraft:recipes/combat/crossbow":{"criteria":{"has_iron_ingot":"2025-07-25 22:13:50 +0000"},"done":true},"minecraft:recipes/decorations/smithing_table":{"criteria":{"has_iron_ingot":"2025-07-25 22:13:50 +0000"},"done":true},"minecraft:recipes/decorations/lodestone":{"criteria":{"has_iron_ingot":"2025-07-25 22:13:50 +0000"},"done":true},"minecraft:recipes/redstone/iron_door":{"criteria":{"has_iron_ingot":"2025-07-25 22:13:50 +0000"},"done":true},"minecraft:recipes/redstone/heavy_weighted_pressure_plate":{"criteria":{"has_iron_ingot":"2025-07-25 22:13:50 +0000"},"done":true},"minecraft:recipes/brewing/cauldron":{"criteria":{"has_water_bucket":"2025-07-25 22:16:47 +0000"},"done":true},"minecraft:story/lava_bucket":{"criteria":{"lava_bucket":"2025-07-25 22:17:46 +0000"},"done":true},"minecraft:recipes/building_blocks/dark_oak_slab":{"criteria":{"has_planks":"2025-07-25 22:29:20 +0000"},"done":true},"minecraft:recipes/redstone/dark_oak_door":{"criteria":{"has_planks":"2025-07-25 22:29:20 +0000"},"done":true},"minecraft:recipes/redstone/dark_oak_fence_gate":{"criteria":{"has_planks":"2025-07-25 22:29:20 +0000"},"done":true},"minecraft:recipes/redstone/dark_oak_trapdoor":{"criteria":{"has_planks":"2025-07-25 22:29:20 +0000"},"done":true},"minecraft:recipes/redstone/dark_oak_button":{"criteria":{"has_planks":"2025-07-25 22:29:20 +0000"},"done":true},"minecraft:recipes/building_blocks/dark_oak_stairs":{"criteria":{"has_planks":"2025-07-25 22:29:20 +0000"},"done":true},"minecraft:recipes/decorations/dark_oak_sign":{"criteria":{"has_planks":"2025-07-25 22:29:20 +0000"},"done":true},"minecraft:recipes/redstone/dark_oak_pressure_plate":{"criteria":{"has_planks":"2025-07-25 22:29:20 +0000"},"done":true},"minecraft:recipes/decorations/dark_oak_fence":{"criteria":{"has_planks":"2025-07-25 22:29:20 +0000"},"done":true},"minecraft:recipes/building_blocks/dripstone_block":{"criteria":{"has_pointed_dripstone":"2025-07-25 22:32:37 +0000"},"done":true},"minecraft:story/obtain_armor":{"criteria":{"iron_boots":"2025-07-25 23:05:44 +0000"},"done":true},"minecraft:recipes/misc/iron_nugget_from_smelting":{"criteria":{"has_iron_boots":"2025-07-25 23:05:44 +0000"},"done":true},"minecraft:recipes/misc/iron_nugget_from_blasting":{"criteria":{"has_iron_boots":"2025-07-25 23:05:44 +0000"},"done":true},"minecraft:recipes/decorations/composter":{"criteria":{"has_wood_slab":"2025-07-25 23:19:36 +0000"},"done":true},"minecraft:recipes/misc/flower_banner_pattern":{"criteria":{"has_oxeye_daisy":"2025-07-25 23:21:07 +0000"},"done":true},"minecraft:recipes/misc/light_gray_dye_from_oxeye_daisy":{"criteria":{"has_oxeye_daisy":"2025-07-25 23:21:07 +0000"},"done":true},"minecraft:recipes/food/suspicious_stew_from_oxeye_daisy":{"criteria":{"has_oxeye_daisy":"2025-07-25 23:21:07 +0000"},"done":true},"minecraft:recipes/decorations/light_gray_bed":{"criteria":{"has_light_gray_wool":"2025-07-25 23:23:01 +0000"},"done":true},"minecraft:recipes/decorations/light_gray_banner":{"criteria":{"has_light_gray_wool":"2025-07-25 23:23:01 +0000"},"done":true},"minecraft:recipes/decorations/light_gray_carpet":{"criteria":{"has_light_gray_wool":"2025-07-25 23:23:01 +0000"},"done":true},"minecraft:recipes/misc/white_dye":{"criteria":{"has_bone_meal":"2025-07-25 23:24:17 +0000"},"done":true},"minecraft:recipes/building_blocks/bone_block":{"criteria":{"has_bone_meal":"2025-07-25 23:24:17 +0000"},"done":true},"minecraft:recipes/food/baked_potato_from_campfire_cooking":{"criteria":{"has_potato":"2025-07-25 23:25:08 +0000"},"done":true},"minecraft:recipes/food/baked_potato_from_smoking":{"criteria":{"has_potato":"2025-07-25 23:25:08 +0000"},"done":true},"minecraft:recipes/food/baked_potato":{"criteria":{"has_potato":"2025-07-25 23:25:08 +0000"},"done":true},"minecraft:recipes/building_blocks/cherry_planks":{"criteria":{"has_log":"2025-07-25 23:25:13 +0000"},"done":true},"minecraft:recipes/building_blocks/cherry_wood":{"criteria":{"has_log":"2025-07-25 23:25:13 +0000"},"done":true},"minecraft:recipes/building_blocks/glass":{"criteria":{"has_smelts_to_glass":"2025-07-25 23:33:18 +0000"},"done":true},"minecraft:recipes/building_blocks/sandstone":{"criteria":{"has_sand":"2025-07-25 23:33:18 +0000"},"done":true},"minecraft:recipes/misc/pink_dye_from_pink_petals":{"criteria":{"has_pink_petals":"2025-07-25 23:34:22 +0000"},"done":true},"minecraft:recipes/decorations/blast_furnace":{"criteria":{"has_smooth_stone":"2025-07-25 23:46:03 +0000"},"done":true},"minecraft:recipes/building_blocks/smooth_stone_slab":{"criteria":{"has_smooth_stone":"2025-07-25 23:46:03 +0000"},"done":true},"minecraft:recipes/building_blocks/smooth_stone_slab_from_smooth_stone_stonecutting":{"criteria":{"has_smooth_stone":"2025-07-25 23:46:03 +0000"},"done":true},"minecraft:recipes/decorations/brick_wall":{"criteria":{"has_bricks":"2025-07-25 23:46:59 +0000"},"done":true},"minecraft:recipes/building_blocks/brick_stairs":{"criteria":{"has_bricks":"2025-07-25 23:46:59 +0000"},"done":true},"minecraft:recipes/building_blocks/brick_slab":{"criteria":{"has_bricks":"2025-07-25 23:46:59 +0000"},"done":true},"minecraft:recipes/building_blocks/brick_slab_from_bricks_stonecutting":{"criteria":{"has_bricks":"2025-07-25 23:46:59 +0000"},"done":true},"minecraft:recipes/building_blocks/brick_stairs_from_bricks_stonecutting":{"criteria":{"has_bricks":"2025-07-25 23:46:59 +0000"},"done":true},"minecraft:recipes/misc/field_masoned_banner_pattern":{"criteria":{"has_bricks":"2025-07-25 23:46:59 +0000"},"done":true},"minecraft:recipes/decorations/brick_wall_from_bricks_stonecutting":{"criteria":{"has_bricks":"2025-07-25 23:46:59 +0000"},"done":true},"minecraft:recipes/building_blocks/cherry_slab":{"criteria":{"has_planks":"2025-07-25 23:51:09 +0000"},"done":true},"minecraft:recipes/redstone/cherry_fence_gate":{"criteria":{"has_planks":"2025-07-25 23:51:09 +0000"},"done":true},"minecraft:recipes/decorations/cherry_sign":{"criteria":{"has_planks":"2025-07-25 23:51:09 +0000"},"done":true},"minecraft:recipes/redstone/cherry_pressure_plate":{"criteria":{"has_planks":"2025-07-25 23:51:09 +0000"},"done":true},"minecraft:recipes/decorations/cherry_fence":{"criteria":{"has_planks":"2025-07-25 23:51:09 +0000"},"done":true},"minecraft:recipes/building_blocks/cherry_stairs":{"criteria":{"has_planks":"2025-07-25 23:51:09 +0000"},"done":true},"minecraft:recipes/redstone/cherry_trapdoor":{"criteria":{"has_planks":"2025-07-25 23:51:09 +0000"},"done":true},"minecraft:recipes/redstone/cherry_button":{"criteria":{"has_planks":"2025-07-25 23:51:09 +0000"},"done":true},"minecraft:recipes/redstone/cherry_door":{"criteria":{"has_planks":"2025-07-25 23:51:09 +0000"},"done":true},"minecraft:recipes/brewing/fermented_spider_eye":{"criteria":{"has_spider_eye":"2025-07-26 00:32:53 +0000"},"done":true},"minecraft:recipes/combat/bow":{"criteria":{"has_string":"2025-07-26 00:32:54 +0000"},"done":true},"minecraft:recipes/tools/fishing_rod":{"criteria":{"has_string":"2025-07-26 00:32:54 +0000"},"done":true},"minecraft:recipes/building_blocks/white_wool_from_string":{"criteria":{"has_string":"2025-07-26 00:32:54 +0000"},"done":true},"minecraft:recipes/redstone/tripwire_hook":{"criteria":{"has_string":"2025-07-26 00:32:54 +0000"},"done":true},"minecraft:recipes/decorations/candle":{"criteria":{"has_string":"2025-07-26 00:32:54 +0000"},"done":true},"minecraft:recipes/decorations/loom":{"criteria":{"has_string":"2025-07-26 00:32:54 +0000"},"done":true},"minecraft:recipes/tools/bundle":{"criteria":{"has_string":"2025-07-26 00:32:54 +0000"},"done":true},"minecraft:recipes/tools/lead":{"criteria":{"has_string":"2025-07-26 00:32:54 +0000"},"done":true},"minecraft:recipes/transportation/carrot_on_a_stick":{"criteria":{"has_carrot":"2025-07-26 00:33:44 +0000"},"done":true},"minecraft:recipes/misc/leaf_litter":{"criteria":{"has_leaves":"2025-07-26 00:46:22 +0000"},"done":true},"minecraft:adventure/lightning_rod_with_villager_no_fire":{"criteria":{"lightning_rod_with_villager_no_fire":"2025-07-26 01:56:26 +0000"},"done":true},"minecraft:recipes/misc/gold_ingot_from_nuggets":{"criteria":{"has_gold_nugget":"2025-07-26 02:35:00 +0000"},"done":true},"minecraft:recipes/brewing/golden_carrot":{"criteria":{"has_gold_nugget":"2025-07-26 02:35:00 +0000"},"done":true},"minecraft:recipes/redstone/dispenser":{"criteria":{"has_bow":"2025-07-26 02:35:12 +0000"},"done":true},"minecraft:recipes/misc/firework_rocket_simple":{"criteria":{"has_gunpowder":"2025-07-26 02:36:37 +0000"},"done":true},"minecraft:recipes/redstone/tnt":{"criteria":{"has_gunpowder":"2025-07-26 02:36:37 +0000"},"done":true},"minecraft:story/iron_tools":{"criteria":{"iron_pickaxe":"2025-07-26 03:17:09 +0000"},"done":true},"minecraft:husbandry/plant_seed":{"criteria":{"wheat":"2025-07-26 03:26:00 +0000"},"done":true},"minecraft:story/deflect_arrow":{"criteria":{"deflected_projectile":"2025-07-26 03:31:22 +0000"},"done":true},"minecraft:recipes/misc/gold_nugget_from_smelting":{"criteria":{"has_golden_leggings":"2025-07-26 07:34:04 +0000"},"done":true},"minecraft:recipes/misc/gold_nugget_from_blasting":{"criteria":{"has_golden_leggings":"2025-07-26 07:34:04 +0000"},"done":true},"minecraft:recipes/transportation/chest_minecart":{"criteria":{"has_minecart":"2025-07-26 09:03:26 +0000"},"done":true},"minecraft:recipes/transportation/furnace_minecart":{"criteria":{"has_minecart":"2025-07-26 09:03:26 +0000"},"done":true},"minecraft:recipes/transportation/hopper_minecart":{"criteria":{"has_minecart":"2025-07-26 09:03:26 +0000"},"done":true},"minecraft:recipes/transportation/tnt_minecart":{"criteria":{"has_minecart":"2025-07-26 09:03:26 +0000"},"done":true},"minecraft:recipes/transportation/rail":{"criteria":{"has_minecart":"2025-07-26 09:03:26 +0000"},"done":true},"minecraft:recipes/transportation/detector_rail":{"criteria":{"has_rail":"2025-07-26 09:05:28 +0000"},"done":true},"minecraft:recipes/transportation/activator_rail":{"criteria":{"has_rail":"2025-07-26 09:05:28 +0000"},"done":true},"minecraft:recipes/transportation/powered_rail":{"criteria":{"has_rail":"2025-07-26 09:05:28 +0000"},"done":true},"minecraft:husbandry/bred_all_animals":{"criteria":{"minecraft:cow":"2025-07-26 10:49:14 +0000","minecraft:sheep":"2025-07-26 10:49:06 +0000"},"done":false},"minecraft:husbandry/breed_an_animal":{"criteria":{"bred":"2025-07-26 10:49:06 +0000"},"done":true},"minecraft:recipes/misc/black_dye":{"criteria":{"has_ink_sac":"2025-07-26 22:20:09 +0000"},"done":true},"minecraft:recipes/building_blocks/stone_bricks":{"criteria":{"has_stone":"2025-07-26 22:42:00 +0000"},"done":true},"minecraft:recipes/building_blocks/stone_brick_slab_from_stone_stonecutting":{"criteria":{"has_stone":"2025-07-26 22:42:00 +0000"},"done":true},"minecraft:recipes/building_blocks/stone_brick_stairs_from_stone_stonecutting":{"criteria":{"has_stone":"2025-07-26 22:42:00 +0000"},"done":true},"minecraft:recipes/building_blocks/stone_slab_from_stone_stonecutting":{"criteria":{"has_stone":"2025-07-26 22:42:00 +0000"},"done":true},"minecraft:recipes/building_blocks/stone_bricks_from_stone_stonecutting":{"criteria":{"has_stone":"2025-07-26 22:42:00 +0000"},"done":true},"minecraft:recipes/building_blocks/stone_slab":{"criteria":{"has_stone":"2025-07-26 22:42:00 +0000"},"done":true},"minecraft:recipes/building_blocks/chiseled_stone_bricks_stone_from_stonecutting":{"criteria":{"has_stone":"2025-07-26 22:42:00 +0000"},"done":true},"minecraft:recipes/building_blocks/stone_stairs_from_stone_stonecutting":{"criteria":{"has_stone":"2025-07-26 22:42:00 +0000"},"done":true},"minecraft:recipes/redstone/stone_button":{"criteria":{"has_stone":"2025-07-26 22:42:00 +0000"},"done":true},"minecraft:recipes/decorations/stonecutter":{"criteria":{"has_stone":"2025-07-26 22:42:00 +0000"},"done":true},"minecraft:recipes/redstone/stone_pressure_plate":{"criteria":{"has_stone":"2025-07-26 22:42:00 +0000"},"done":true},"minecraft:recipes/building_blocks/smooth_stone":{"criteria":{"has_stone":"2025-07-26 22:42:00 +0000"},"done":true},"minecraft:recipes/decorations/stone_brick_walls_from_stone_stonecutting":{"criteria":{"has_stone":"2025-07-26 22:42:00 +0000"},"done":true},"minecraft:recipes/building_blocks/stone_stairs":{"criteria":{"has_stone":"2025-07-26 22:42:00 +0000"},"done":true},"minecraft:recipes/building_blocks/emerald_block":{"criteria":{"has_emerald":"2025-07-26 23:52:57 +0000"},"done":true},"minecraft:recipes/building_blocks/spruce_planks":{"criteria":{"has_logs":"2025-07-27 00:01:34 +0000"},"done":true},"minecraft:recipes/building_blocks/spruce_wood":{"criteria":{"has_log":"2025-07-27 00:01:34 +0000"},"done":true},"minecraft:recipes/building_blocks/red_stained_glass":{"criteria":{"has_glass":"2025-07-27 01:03:20 +0000"},"done":true},"minecraft:recipes/building_blocks/light_blue_stained_glass":{"criteria":{"has_glass":"2025-07-27 01:03:20 +0000"},"done":true},"minecraft:recipes/brewing/glass_bottle":{"criteria":{"has_glass":"2025-07-27 01:03:20 +0000"},"done":true},"minecraft:recipes/building_blocks/green_stained_glass":{"criteria":{"has_glass":"2025-07-27 01:03:20 +0000"},"done":true},"minecraft:recipes/building_blocks/brown_stained_glass":{"criteria":{"has_glass":"2025-07-27 01:03:20 +0000"},"done":true},"minecraft:recipes/building_blocks/light_gray_stained_glass":{"criteria":{"has_glass":"2025-07-27 01:03:20 +0000"},"done":true},"minecraft:recipes/building_blocks/blue_stained_glass":{"criteria":{"has_glass":"2025-07-27 01:03:20 +0000"},"done":true},"minecraft:recipes/building_blocks/orange_stained_glass":{"criteria":{"has_glass":"2025-07-27 01:03:20 +0000"},"done":true},"minecraft:recipes/building_blocks/cyan_stained_glass":{"criteria":{"has_glass":"2025-07-27 01:03:20 +0000"},"done":true},"minecraft:recipes/building_blocks/pink_stained_glass":{"criteria":{"has_glass":"2025-07-27 01:03:20 +0000"},"done":true},"minecraft:recipes/building_blocks/black_stained_glass":{"criteria":{"has_glass":"2025-07-27 01:03:20 +0000"},"done":true},"minecraft:recipes/building_blocks/gray_stained_glass":{"criteria":{"has_glass":"2025-07-27 01:03:20 +0000"},"done":true},"minecraft:recipes/building_blocks/purple_stained_glass":{"criteria":{"has_glass":"2025-07-27 01:03:20 +0000"},"done":true},"minecraft:recipes/building_blocks/yellow_stained_glass":{"criteria":{"has_glass":"2025-07-27 01:03:20 +0000"},"done":true},"minecraft:recipes/building_blocks/lime_stained_glass":{"criteria":{"has_glass":"2025-07-27 01:03:20 +0000"},"done":true},"minecraft:recipes/decorations/glass_pane":{"criteria":{"has_glass":"2025-07-27 01:03:20 +0000"},"done":true},"minecraft:recipes/building_blocks/magenta_stained_glass":{"criteria":{"has_glass":"2025-07-27 01:03:20 +0000"},"done":true},"minecraft:recipes/building_blocks/white_stained_glass":{"criteria":{"has_glass":"2025-07-27 01:03:20 +0000"},"done":true},"minecraft:story/shiny_gear":{"criteria":{"diamond_boots":"2025-07-30 02:04:16 +0000"},"done":true},"minecraft:story/form_obsidian":{"criteria":{"obsidian":"2025-07-30 02:11:50 +0000"},"done":true},"minecraft:recipes/decorations/enchanting_table":{"criteria":{"has_obsidian":"2025-07-30 02:11:50 +0000"},"done":true},"minecraft:nether/explore_nether":{"criteria":{"minecraft:crimson_forest":"2025-07-30 02:37:04 +0000","minecraft:nether_wastes":"2025-07-30 02:39:25 +0000"},"done":false},"minecraft:nether/root":{"criteria":{"entered_nether":"2025-07-30 02:37:04 +0000"},"done":true},"minecraft:story/enter_the_nether":{"criteria":{"entered_nether":"2025-07-30 02:37:04 +0000"},"done":true},"minecraft:recipes/misc/nether_brick":{"criteria":{"has_netherrack":"2025-07-30 02:40:42 +0000"},"done":true},"minecraft:nether/obtain_crying_obsidian":{"criteria":{"crying_obsidian":"2025-07-30 02:49:12 +0000"},"done":true},"minecraft:recipes/decorations/respawn_anchor":{"criteria":{"has_obsidian":"2025-07-30 02:49:12 +0000"},"done":true},"minecraft:recipes/building_blocks/crimson_planks":{"criteria":{"has_logs":"2025-07-30 02:54:25 +0000"},"done":true},"minecraft:recipes/building_blocks/crimson_hyphae":{"criteria":{"has_log":"2025-07-30 02:54:25 +0000"},"done":true},"minecraft:recipes/misc/gold_ingot_from_blasting_nether_gold_ore":{"criteria":{"has_nether_gold_ore":"2025-07-30 02:58:47 +0000"},"done":true},"minecraft:recipes/misc/gold_ingot_from_smelting_nether_gold_ore":{"criteria":{"has_nether_gold_ore":"2025-07-30 02:58:47 +0000"},"done":true},"minecraft:recipes/misc/conduit":{"criteria":{"has_nautilus_core":"2025-07-30 03:35:56 +0000"},"done":true},"minecraft:recipes/tools/golden_axe":{"criteria":{"has_gold_ingot":"2025-07-30 03:36:07 +0000"},"done":true},"minecraft:recipes/tools/golden_pickaxe":{"criteria":{"has_gold_ingot":"2025-07-30 03:36:07 +0000"},"done":true},"minecraft:recipes/misc/gold_nugget":{"criteria":{"has_gold_ingot":"2025-07-30 03:36:07 +0000"},"done":true},"minecraft:recipes/tools/golden_shovel":{"criteria":{"has_gold_ingot":"2025-07-30 03:36:07 +0000"},"done":true},"minecraft:recipes/food/golden_apple":{"criteria":{"has_gold_ingot":"2025-07-30 03:36:07 +0000"},"done":true},"minecraft:recipes/combat/golden_boots":{"criteria":{"has_gold_ingot":"2025-07-30 03:36:07 +0000"},"done":true},"minecraft:recipes/combat/golden_helmet":{"criteria":{"has_gold_ingot":"2025-07-30 03:36:07 +0000"},"done":true},"minecraft:recipes/combat/golden_sword":{"criteria":{"has_gold_ingot":"2025-07-30 03:36:07 +0000"},"done":true},"minecraft:recipes/building_blocks/gold_block":{"criteria":{"has_gold_ingot":"2025-07-30 03:36:07 +0000"},"done":true},"minecraft:recipes/combat/golden_chestplate":{"criteria":{"has_gold_ingot":"2025-07-30 03:36:07 +0000"},"done":true},"minecraft:recipes/tools/golden_hoe":{"criteria":{"has_gold_ingot":"2025-07-30 03:36:07 +0000"},"done":true},"minecraft:recipes/redstone/light_weighted_pressure_plate":{"criteria":{"has_gold_ingot":"2025-07-30 03:36:07 +0000"},"done":true},"minecraft:recipes/combat/golden_leggings":{"criteria":{"has_gold_ingot":"2025-07-30 03:36:07 +0000"},"done":true},"minecraft:recipes/building_blocks/sea_lantern":{"criteria":{"has_prismarine_crystals":"2025-07-30 03:36:15 +0000"},"done":true},"minecraft:recipes/misc/copper_ingot_from_blasting_raw_copper":{"criteria":{"has_raw_copper":"2025-07-30 03:38:33 +0000"},"done":true},"minecraft:recipes/building_blocks/raw_copper_block":{"criteria":{"has_raw_copper":"2025-07-30 03:38:33 +0000"},"done":true},"minecraft:recipes/misc/copper_ingot_from_smelting_raw_copper":{"criteria":{"has_raw_copper":"2025-07-30 03:38:33 +0000"},"done":true},"minecraft:recipes/decorations/black_bed":{"criteria":{"has_black_wool":"2025-07-30 03:43:22 +0000"},"done":true},"minecraft:recipes/decorations/black_carpet":{"criteria":{"has_black_wool":"2025-07-30 03:43:22 +0000"},"done":true},"minecraft:recipes/decorations/black_banner":{"criteria":{"has_black_wool":"2025-07-30 03:43:22 +0000"},"done":true},"minecraft:recipes/redstone/spruce_button":{"criteria":{"has_planks":"2025-07-30 04:25:22 +0000"},"done":true},"minecraft:recipes/redstone/spruce_pressure_plate":{"criteria":{"has_planks":"2025-07-30 04:25:22 +0000"},"done":true},"minecraft:recipes/decorations/spruce_sign":{"criteria":{"has_planks":"2025-07-30 04:25:22 +0000"},"done":true},"minecraft:recipes/redstone/spruce_trapdoor":{"criteria":{"has_planks":"2025-07-30 04:25:22 +0000"},"done":true},"minecraft:recipes/redstone/spruce_door":{"criteria":{"has_planks":"2025-07-30 04:25:22 +0000"},"done":true},"minecraft:recipes/redstone/spruce_fence_gate":{"criteria":{"has_planks":"2025-07-30 04:25:22 +0000"},"done":true},"minecraft:recipes/decorations/spruce_fence":{"criteria":{"has_planks":"2025-07-30 04:25:22 +0000"},"done":true},"minecraft:recipes/building_blocks/spruce_stairs":{"criteria":{"has_planks":"2025-07-30 04:25:22 +0000"},"done":true},"minecraft:recipes/building_blocks/spruce_slab":{"criteria":{"has_planks":"2025-07-30 04:25:22 +0000"},"done":true},"minecraft:recipes/misc/coast_armor_trim_smithing_template":{"criteria":{"has_coast_armor_trim_smithing_template":"2025-07-30 04:25:49 +0000"},"done":true},"minecraft:recipes/misc/coast_armor_trim_smithing_template_smithing_trim":{"criteria":{"has_smithing_trim_template":"2025-07-30 04:25:49 +0000"},"done":true},"minecraft:recipes/redstone/jungle_trapdoor":{"criteria":{"has_planks":"2025-07-30 04:29:06 +0000"},"done":true},"minecraft:recipes/decorations/jungle_sign":{"criteria":{"has_planks":"2025-07-30 04:29:06 +0000"},"done":true},"minecraft:recipes/redstone/jungle_door":{"criteria":{"has_planks":"2025-07-30 04:29:06 +0000"},"done":true},"minecraft:recipes/decorations/jungle_fence":{"criteria":{"has_planks":"2025-07-30 04:29:06 +0000"},"done":true},"minecraft:recipes/redstone/jungle_pressure_plate":{"criteria":{"has_planks":"2025-07-30 04:29:06 +0000"},"done":true},"minecraft:recipes/redstone/jungle_button":{"criteria":{"has_planks":"2025-07-30 04:29:06 +0000"},"done":true},"minecraft:recipes/building_blocks/jungle_slab":{"criteria":{"has_planks":"2025-07-30 04:29:06 +0000"},"done":true},"minecraft:recipes/building_blocks/jungle_stairs":{"criteria":{"has_planks":"2025-07-30 04:29:06 +0000"},"done":true},"minecraft:recipes/redstone/jungle_fence_gate":{"criteria":{"has_planks":"2025-07-30 04:29:06 +0000"},"done":true},"minecraft:recipes/combat/diamond_leggings":{"criteria":{"has_diamond":"2025-07-30 04:32:12 +0000"},"done":true},"minecraft:recipes/combat/diamond_sword":{"criteria":{"has_diamond":"2025-07-30 04:32:12 +0000"},"done":true},"minecraft:recipes/decorations/jukebox":{"criteria":{"has_diamond":"2025-07-30 04:32:12 +0000"},"done":true},"minecraft:recipes/combat/diamond_chestplate":{"criteria":{"has_diamond":"2025-07-30 04:32:12 +0000"},"done":true},"minecraft:recipes/combat/diamond_helmet":{"criteria":{"has_diamond":"2025-07-30 04:32:12 +0000"},"done":true},"minecraft:recipes/tools/diamond_pickaxe":{"criteria":{"has_diamond":"2025-07-30 04:32:12 +0000"},"done":true},"minecraft:recipes/building_blocks/diamond_block":{"criteria":{"has_diamond":"2025-07-30 04:32:12 +0000"},"done":true},"minecraft:recipes/tools/diamond_hoe":{"criteria":{"has_diamond":"2025-07-30 04:32:12 +0000"},"done":true},"minecraft:recipes/tools/diamond_shovel":{"criteria":{"has_diamond":"2025-07-30 04:32:12 +0000"},"done":true},"minecraft:story/mine_diamond":{"criteria":{"diamond":"2025-07-30 04:32:12 +0000"},"done":true},"minecraft:recipes/tools/diamond_axe":{"criteria":{"has_diamond":"2025-07-30 04:32:12 +0000"},"done":true},"minecraft:recipes/combat/diamond_boots":{"criteria":{"has_diamond":"2025-07-30 04:32:12 +0000"},"done":true},"minecraft:recipes/building_blocks/bookshelf":{"criteria":{"has_book":"2025-07-30 04:55:40 +0000"},"done":true},"minecraft:recipes/redstone/lectern":{"criteria":{"has_book":"2025-07-30 04:55:40 +0000"},"done":true},"minecraft:recipes/building_blocks/chiseled_bookshelf":{"criteria":{"has_book":"2025-07-30 04:55:40 +0000"},"done":true},"minecraft:recipes/misc/writable_book":{"criteria":{"has_book":"2025-07-30 04:55:40 +0000"},"done":true},"minecraft:recipes/food/mushroom_stew":{"criteria":{"has_bowl":"2025-07-30 05:09:13 +0000"},"done":true},"minecraft:adventure/trade":{"criteria":{"traded":"2025-07-30 05:35:51 +0000"},"done":true},"minecraft:husbandry/tame_an_animal":{"criteria":{"tamed_animal":"2025-07-30 07:44:08 +0000"},"done":true},"minecraft:husbandry/complete_catalogue":{"criteria":{"minecraft:siamese":"2025-07-30 08:01:36 +0000","minecraft:ragdoll":"2025-07-30 07:46:33 +0000","minecraft:british_shorthair":"2025-07-30 07:44:08 +0000"},"done":false},"minecraft:recipes/misc/iron_ingot_from_nuggets":{"criteria":{"has_iron_nugget":"2025-07-30 07:52:32 +0000"},"done":true},"minecraft:recipes/misc/sugar_from_sugar_cane":{"criteria":{"has_sugar_cane":"2025-07-30 08:08:54 +0000"},"done":true},"minecraft:recipes/misc/paper":{"criteria":{"has_reeds":"2025-07-30 08:08:54 +0000"},"done":true},"minecraft:recipes/misc/book":{"criteria":{"has_paper":"2025-07-30 08:09:09 +0000"},"done":true},"minecraft:recipes/decorations/cartography_table":{"criteria":{"has_paper":"2025-07-30 08:09:09 +0000"},"done":true},"minecraft:recipes/misc/iron_ingot_from_iron_block":{"criteria":{"has_iron_block":"2025-07-30 09:50:48 +0000"},"done":true},"minecraft:recipes/decorations/anvil":{"criteria":{"has_iron_block":"2025-07-30 09:50:48 +0000"},"done":true},"minecraft:adventure/shoot_arrow":{"criteria":{"shot_arrow":"2025-07-30 15:32:57 +0000"},"done":true},"minecraft:recipes/transportation/warped_fungus_on_a_stick":{"criteria":{"has_warped_fungus":"2025-07-30 15:52:25 +0000"},"done":true},"minecraft:recipes/redstone/crimson_button":{"criteria":{"has_planks":"2025-07-30 15:53:02 +0000"},"done":true},"minecraft:recipes/building_blocks/crimson_slab":{"criteria":{"has_planks":"2025-07-30 15:53:02 +0000"},"done":true},"minecraft:recipes/building_blocks/crimson_stairs":{"criteria":{"has_planks":"2025-07-30 15:53:02 +0000"},"done":true},"minecraft:recipes/redstone/crimson_pressure_plate":{"criteria":{"has_planks":"2025-07-30 15:53:02 +0000"},"done":true},"minecraft:recipes/decorations/crimson_fence":{"criteria":{"has_planks":"2025-07-30 15:53:02 +0000"},"done":true},"minecraft:recipes/decorations/crimson_sign":{"criteria":{"has_planks":"2025-07-30 15:53:02 +0000"},"done":true},"minecraft:recipes/redstone/crimson_fence_gate":{"criteria":{"has_planks":"2025-07-30 15:53:02 +0000"},"done":true},"minecraft:recipes/redstone/crimson_door":{"criteria":{"has_planks":"2025-07-30 15:53:02 +0000"},"done":true},"minecraft:recipes/redstone/crimson_trapdoor":{"criteria":{"has_planks":"2025-07-30 15:53:02 +0000"},"done":true},"minecraft:recipes/redstone/redstone_torch":{"criteria":{"has_redstone":"2025-07-30 18:57:46 +0000"},"done":true},"minecraft:recipes/tools/clock":{"criteria":{"has_redstone":"2025-07-30 18:57:46 +0000"},"done":true},"minecraft:recipes/redstone/dropper":{"criteria":{"has_redstone":"2025-07-30 18:57:46 +0000"},"done":true},"minecraft:recipes/redstone/redstone_block":{"criteria":{"has_redstone":"2025-07-30 18:57:46 +0000"},"done":true},"minecraft:recipes/redstone/note_block":{"criteria":{"has_redstone":"2025-07-30 18:57:46 +0000"},"done":true},"minecraft:recipes/tools/compass":{"criteria":{"has_redstone":"2025-07-30 18:57:46 +0000"},"done":true},"minecraft:recipes/redstone/piston":{"criteria":{"has_redstone":"2025-07-30 18:57:46 +0000"},"done":true},"minecraft:recipes/redstone/redstone_lamp":{"criteria":{"has_glowstone":"2025-07-30 19:15:38 +0000"},"done":true},"minecraft:recipes/misc/pumpkin_seeds":{"criteria":{"has_pumpkin":"2025-07-30 19:47:46 +0000"},"done":true},"minecraft:recipes/food/pumpkin_pie":{"criteria":{"has_pumpkin":"2025-07-30 19:47:46 +0000"},"done":true},"minecraft:recipes/building_blocks/jack_o_lantern":{"criteria":{"has_carved_pumpkin":"2025-07-30 19:55:59 +0000"},"done":true},"DataVersion":4440}